experiment,feature_set,features,q_low,q_high,config_name,n_estimators,max_depth,min_samples_split,min_samples_leaf,max_features,class_weight,mean_accuracy,min_accuracy,std_accuracy,mean_macro_f1,accuracy_2565,f1_2565,rows_2565,accuracy_2566,f1_2566,rows_2566,status,error
1,BASE,"sst,chlorophyll_a,rainfall,wind_speed,month,year,station_id",0.31,0.64,RF_FULL,300,,2,1,sqrt,balanced,0.578030303030303,0.4727272727272727,0.10530303030303031,0.504692456639064,0.4727272727272727,0.36526181353767556,55,0.6833333333333333,0.6441230997404525,60,OK,
2,BASE,"sst,chlorophyll_a,rainfall,wind_speed,month,year,station_id",0.31,0.64,RF_DEPTH_6_BAL,350,6.0,2,2,sqrt,balanced,0.5954545454545455,0.4909090909090909,0.10454545454545452,0.5298770211270212,0.4909090909090909,0.4128523328523328,55,0.7,0.6469017094017094,60,OK,
3,BASE,"sst,chlorophyll_a,rainfall,wind_speed,month,year,station_id",0.31,0.64,RF_DEPTH_8_BAL,400,8.0,4,2,sqrt,balanced,0.5507575757575758,0.41818181818181815,0.1325757575757576,0.4718892218892219,0.41818181818181815,0.3158323158323158,55,0.6833333333333333,0.627946127946128,60,OK,
4,BASE,"sst,chlorophyll_a,rainfall,wind_speed,month,year,station_id",0.31,0.64,RF_DEPTH_10_BAL,400,10.0,4,2,sqrt,balanced,0.568939393939394,0.45454545454545453,0.11439393939393941,0.4876289623747251,0.45454545454545453,0.3353846153846154,55,0.6833333333333333,0.6398733093648348,60,OK,
5,BASE,"sst,chlorophyll_a,rainfall,wind_speed,month,year,station_id",0.31,0.64,RF_LEAF_3_BAL,400,,6,3,sqrt,balanced,0.5946969696969697,0.4727272727272727,0.12196969696969698,0.5104937259723279,0.4727272727272727,0.3457309941520468,55,0.7166666666666667,0.6752564577926091,60,OK,
6,BASE,"sst,chlorophyll_a,rainfall,wind_speed,month,year,station_id",0.31,0.64,RF_FEATURE_07_BAL,400,10.0,4,2,0.7,balanced_subsample,0.5939393939393939,0.45454545454545453,0.13939393939393938,0.5278499986537165,0.45454545454545453,0.3581603581603581,55,0.7333333333333333,0.6975396391470748,60,OK,
7,BASE_NO_YEAR,"sst,chlorophyll_a,rainfall,wind_speed,month,station_id",0.31,0.64,RF_FULL,300,,2,1,sqrt,balanced,0.49772727272727274,0.34545454545454546,0.15227272727272728,0.45701320738132023,0.34545454545454546,0.27515369620632774,55,0.65,0.6388727185563127,60,OK,
8,BASE_NO_YEAR,"sst,chlorophyll_a,rainfall,wind_speed,month,station_id",0.31,0.64,RF_DEPTH_6_BAL,350,6.0,2,2,sqrt,balanced,0.5409090909090909,0.38181818181818183,0.15909090909090906,0.4997278445554308,0.38181818181818183,0.3121131741821397,55,0.7,0.6873425149287219,60,OK,
9,BASE_NO_YEAR,"sst,chlorophyll_a,rainfall,wind_speed,month,station_id",0.31,0.64,RF_DEPTH_8_BAL,400,8.0,4,2,sqrt,balanced,0.5234848484848484,0.36363636363636365,0.15984848484848485,0.4834295139558298,0.36363636363636365,0.29734335839598997,55,0.6833333333333333,0.6695156695156695,60,OK,
10,BASE_NO_YEAR,"sst,chlorophyll_a,rainfall,wind_speed,month,station_id",0.31,0.64,RF_DEPTH_10_BAL,400,10.0,4,2,sqrt,balanced,0.5333333333333333,0.4,0.1333333333333333,0.48647581974968235,0.4,0.32789286461602846,55,0.6666666666666666,0.6450587748833363,60,OK,
11,BASE_NO_YEAR,"sst,chlorophyll_a,rainfall,wind_speed,month,station_id",0.31,0.64,RF_LEAF_3_BAL,400,,6,3,sqrt,balanced,0.5325757575757576,0.38181818181818183,0.15075757575757576,0.48242181138275464,0.38181818181818183,0.3050145629364494,55,0.6833333333333333,0.6598290598290598,60,OK,
12,BASE_NO_YEAR,"sst,chlorophyll_a,rainfall,wind_speed,month,station_id",0.31,0.64,RF_FEATURE_07_BAL,400,10.0,4,2,0.7,balanced_subsample,0.5325757575757576,0.38181818181818183,0.15075757575757576,0.486548604464909,0.38181818181818183,0.3050145629364494,55,0.6833333333333333,0.6680826459933685,60,OK,
13,BASE_NO_STATION,"sst,chlorophyll_a,rainfall,wind_speed,month,year",0.31,0.64,RF_FULL,300,,2,1,sqrt,balanced,0.4318181818181818,0.36363636363636365,0.06818181818181818,0.37202343653956554,0.36363636363636365,0.2629222629222629,55,0.5,0.4811246101568682,60,OK,
14,BASE_NO_STATION,"sst,chlorophyll_a,rainfall,wind_speed,month,year",0.31,0.64,RF_DEPTH_6_BAL,350,6.0,2,2,sqrt,balanced,0.4666666666666667,0.4,0.06666666666666665,0.40094208602449977,0.4,0.282387102014295,55,0.5333333333333333,0.5194970700347045,60,OK,
15,BASE_NO_STATION,"sst,chlorophyll_a,rainfall,wind_speed,month,year",0.31,0.64,RF_DEPTH_8_BAL,400,8.0,4,2,sqrt,balanced,0.47651515151515156,0.43636363636363634,0.04015151515151519,0.41390160765160766,0.43636363636363634,0.3264143264143264,55,0.5166666666666667,0.5013888888888889,60,OK,
16,BASE_NO_STATION,"sst,chlorophyll_a,rainfall,wind_speed,month,year",0.31,0.64,RF_DEPTH_10_BAL,400,10.0,4,2,sqrt,balanced,0.4492424242424243,0.38181818181818183,0.06742424242424244,0.38485107257390794,0.38181818181818183,0.2745007680491552,55,0.5166666666666667,0.4952013770986607,60,OK,
17,BASE_NO_STATION,"sst,chlorophyll_a,rainfall,wind_speed,month,year",0.31,0.64,RF_LEAF_3_BAL,400,,6,3,sqrt,balanced,0.4840909090909091,0.41818181818181815,0.06590909090909094,0.4323709488320041,0.41818181818181815,0.3363392377885131,55,0.55,0.5284026598754952,60,OK,
18,BASE_NO_STATION,"sst,chlorophyll_a,rainfall,wind_speed,month,year",0.31,0.64,RF_FEATURE_07_BAL,400,10.0,4,2,0.7,balanced_subsample,0.4393939393939394,0.34545454545454546,0.09393939393939393,0.38766903977307254,0.34545454545454546,0.2687600729681384,55,0.5333333333333333,0.5065780065780067,60,OK,
19,BASE_SSS,"sst,chlorophyll_a,rainfall,wind_speed,month,year,station_id,sss",0.31,0.64,RF_FULL,300,,2,1,sqrt,balanced,0.5272727272727272,0.45454545454545453,0.07272727272727272,0.4555679412019817,0.45454545454545453,0.35383597883597884,55,0.6,0.5572999035679845,60,OK,
20,BASE_SSS,"sst,chlorophyll_a,rainfall,wind_speed,month,year,station_id,sss",0.31,0.64,RF_DEPTH_6_BAL,350,6.0,2,2,sqrt,balanced,0.5446969696969697,0.4727272727272727,0.07196969696969699,0.46378384821007773,0.4727272727272727,0.3661782661782662,55,0.6166666666666667,0.5613894302418893,60,OK,
21,BASE_SSS,"sst,chlorophyll_a,rainfall,wind_speed,month,year,station_id,sss",0.31,0.64,RF_DEPTH_8_BAL,400,8.0,4,2,sqrt,balanced,0.5621212121212121,0.4909090909090909,0.0712121212121212,0.47609519512745324,0.4909090909090909,0.378974358974359,55,0.6333333333333333,0.5732160312805474,60,OK,
22,BASE_SSS,"sst,chlorophyll_a,rainfall,wind_speed,month,year,station_id,sss",0.31,0.64,RF_DEPTH_10_BAL,400,10.0,4,2,sqrt,balanced,0.5613636363636364,0.4727272727272727,0.08863636363636365,0.47257083206361644,0.4727272727272727,0.3457309941520468,55,0.65,0.5994106699751861,60,OK,
23,BASE_SSS,"sst,chlorophyll_a,rainfall,wind_speed,month,year,station_id,sss",0.31,0.64,RF_LEAF_3_BAL,400,,6,3,sqrt,balanced,0.5522727272727272,0.45454545454545453,0.09772727272727275,0.47080176767676774,0.45454545454545453,0.35479797979797983,55,0.65,0.5868055555555556,60,OK,
24,BASE_SSS,"sst,chlorophyll_a,rainfall,wind_speed,month,year,station_id,sss",0.31,0.64,RF_FEATURE_07_BAL,400,10.0,4,2,0.7,balanced_subsample,0.5348484848484848,0.43636363636363634,0.09848484848484848,0.468094981241972,0.43636363636363634,0.35818606825619453,55,0.6333333333333333,0.5780038942277496,60,OK,
25,BASE_DEPTH,"sst,chlorophyll_a,rainfall,wind_speed,month,year,station_id,depth",0.31,0.64,RF_FULL,300,,2,1,sqrt,balanced,0.568939393939394,0.45454545454545453,0.11439393939393941,0.5039032767102942,0.45454545454545453,0.3610229276895944,55,0.6833333333333333,0.6467836257309941,60,OK,
26,BASE_DEPTH,"sst,chlorophyll_a,rainfall,wind_speed,month,year,station_id,depth",0.31,0.64,RF_DEPTH_6_BAL,350,6.0,2,2,sqrt,balanced,0.603030303030303,0.4727272727272727,0.13030303030303028,0.5115441866081252,0.4727272727272727,0.3661782661782662,55,0.7333333333333333,0.6569101070379842,60,OK,
27,BASE_DEPTH,"sst,chlorophyll_a,rainfall,wind_speed,month,year,station_id,depth",0.31,0.64,RF_DEPTH_8_BAL,400,8.0,4,2,sqrt,balanced,0.5765151515151515,0.43636363636363634,0.14015151515151517,0.4950991846722397,0.43636363636363634,0.3453006253006253,55,0.7166666666666667,0.644897744043854,60,OK,
28,BASE_DEPTH,"sst,chlorophyll_a,rainfall,wind_speed,month,year,station_id,depth",0.31,0.64,RF_DEPTH_10_BAL,400,10.0,4,2,sqrt,balanced,0.5946969696969697,0.4727272727272727,0.12196969696969698,0.5065018315018315,0.4727272727272727,0.3661782661782662,55,0.7166666666666667,0.6468253968253967,60,OK,
29,BASE_DEPTH,"sst,chlorophyll_a,rainfall,wind_speed,month,year,station_id,depth",0.31,0.64,RF_LEAF_3_BAL,400,,6,3,sqrt,balanced,0.5863636363636363,0.4727272727272727,0.11363636363636362,0.49871866704703904,0.4727272727272727,0.36426472078645994,55,0.7,0.6331726133076181,60,OK,
30,BASE_DEPTH,"sst,chlorophyll_a,rainfall,wind_speed,month,year,station_id,depth",0.31,0.64,RF_FEATURE_07_BAL,400,10.0,4,2,0.7,balanced_subsample,0.5696969696969697,0.4727272727272727,0.09696969696969696,0.49150664150664153,0.4727272727272727,0.3661782661782662,55,0.6666666666666666,0.6168350168350168,60,OK,
31,BASE_DEPTH_NO_STATION,"sst,chlorophyll_a,rainfall,wind_speed,month,year,depth",0.31,0.64,RF_FULL,300,,2,1,sqrt,balanced,0.5590909090909091,0.41818181818181815,0.1409090909090909,0.4919406726739361,0.41818181818181815,0.3204535253595613,55,0.7,0.6634278199883109,60,OK,
32,BASE_DEPTH_NO_STATION,"sst,chlorophyll_a,rainfall,wind_speed,month,year,depth",0.31,0.64,RF_DEPTH_6_BAL,350,6.0,2,2,sqrt,balanced,0.5863636363636363,0.4727272727272727,0.11363636363636362,0.5083683134058817,0.4727272727272727,0.3623397435897436,55,0.7,0.6543968832220198,60,OK,
33,BASE_DEPTH_NO_STATION,"sst,chlorophyll_a,rainfall,wind_speed,month,year,depth",0.31,0.64,RF_DEPTH_8_BAL,400,8.0,4,2,sqrt,balanced,0.5598484848484848,0.43636363636363634,0.1234848484848485,0.47768622543212713,0.43636363636363634,0.3262820512820513,55,0.6833333333333333,0.6290903995822029,60,OK,
34,BASE_DEPTH_NO_STATION,"sst,chlorophyll_a,rainfall,wind_speed,month,year,depth",0.31,0.64,RF_DEPTH_10_BAL,400,10.0,4,2,sqrt,balanced,0.5590909090909091,0.41818181818181815,0.1409090909090909,0.4711952026468156,0.41818181818181815,0.3006410256410256,55,0.7,0.6417493796526056,60,OK,
35,BASE_DEPTH_NO_STATION,"sst,chlorophyll_a,rainfall,wind_speed,month,year,depth",0.31,0.64,RF_LEAF_3_BAL,400,,6,3,sqrt,balanced,0.5598484848484848,0.43636363636363634,0.1234848484848485,0.47154049654049657,0.43636363636363634,0.3262820512820513,55,0.6833333333333333,0.6167989417989418,60,OK,
36,BASE_DEPTH_NO_STATION,"sst,chlorophyll_a,rainfall,wind_speed,month,year,depth",0.31,0.64,RF_FEATURE_07_BAL,400,10.0,4,2,0.7,balanced_subsample,0.5856060606060606,0.45454545454545453,0.13106060606060607,0.5085913544443856,0.45454545454545453,0.3404431216931217,55,0.7166666666666667,0.6767395871956495,60,OK,
37,BASE_PRESSURE,"sst,chlorophyll_a,rainfall,wind_speed,month,year,station_id,sea_level_pressure",0.31,0.64,RF_FULL,300,,2,1,sqrt,balanced,0.5181818181818182,0.43636363636363634,0.08181818181818182,0.44073029796714003,0.43636363636363634,0.3167989417989418,55,0.6,0.5646616541353383,60,OK,
38,BASE_PRESSURE,"sst,chlorophyll_a,rainfall,wind_speed,month,year,station_id,sea_level_pressure",0.31,0.64,RF_DEPTH_6_BAL,350,6.0,2,2,sqrt,balanced,0.5613636363636364,0.4727272727272727,0.08863636363636365,0.4808988543246414,0.4727272727272727,0.38193006671267543,55,0.65,0.5798676419366074,60,OK,
39,BASE_PRESSURE,"sst,chlorophyll_a,rainfall,wind_speed,month,year,station_id,sea_level_pressure",0.31,0.64,RF_DEPTH_8_BAL,400,8.0,4,2,sqrt,balanced,0.5696969696969697,0.4727272727272727,0.09696969696969696,0.4800273986765923,0.4727272727272727,0.3623397435897436,55,0.6666666666666666,0.5977150537634409,60,OK,
40,BASE_PRESSURE,"sst,chlorophyll_a,rainfall,wind_speed,month,year,station_id,sea_level_pressure",0.31,0.64,RF_DEPTH_10_BAL,400,10.0,4,2,sqrt,balanced,0.5515151515151515,0.43636363636363634,0.11515151515151514,0.46138224348750667,0.43636363636363634,0.30054226475279106,55,0.6666666666666666,0.6222222222222222,60,OK,
41,BASE_PRESSURE,"sst,chlorophyll_a,rainfall,wind_speed,month,year,station_id,sea_level_pressure",0.31,0.64,RF_LEAF_3_BAL,400,,6,3,sqrt,balanced,0.5954545454545455,0.4909090909090909,0.10454545454545452,0.5197453703703704,0.4909090909090909,0.39398809523809525,55,0.7,0.6455026455026455,60,OK,
42,BASE_PRESSURE,"sst,chlorophyll_a,rainfall,wind_speed,month,year,station_id,sea_level_pressure",0.31,0.64,RF_FEATURE_07_BAL,400,10.0,4,2,0.7,balanced_subsample,0.5515151515151515,0.43636363636363634,0.11515151515151514,0.47573513651099864,0.43636363636363634,0.3185897435897436,55,0.6666666666666666,0.6328805294322536,60,OK,
43,BASE_AIR_TEMP,"sst,chlorophyll_a,rainfall,wind_speed,month,year,station_id,air_temperature",0.31,0.64,RF_FULL,300,,2,1,sqrt,balanced,0.543939393939394,0.45454545454545453,0.08939393939393939,0.46800219426415246,0.45454545454545453,0.3368421052631579,55,0.6333333333333333,0.5991622832651471,60,OK,
44,BASE_AIR_TEMP,"sst,chlorophyll_a,rainfall,wind_speed,month,year,station_id,air_temperature",0.31,0.64,RF_DEPTH_6_BAL,350,6.0,2,2,sqrt,balanced,0.603030303030303,0.4727272727272727,0.13030303030303028,0.5440518859873699,0.4727272727272727,0.3843659327530295,55,0.7333333333333333,0.7037378392217102,60,OK,
45,BASE_AIR_TEMP,"sst,chlorophyll_a,rainfall,wind_speed,month,year,station_id,air_temperature",0.31,0.64,RF_DEPTH_8_BAL,400,8.0,4,2,sqrt,balanced,0.5613636363636364,0.4727272727272727,0.08863636363636365,0.4908066126320356,0.4727272727272727,0.37003205128205124,55,0.65,0.61158117398202,60,OK,
46,BASE_AIR_TEMP,"sst,chlorophyll_a,rainfall,wind_speed,month,year,station_id,air_temperature",0.31,0.64,RF_DEPTH_10_BAL,400,10.0,4,2,sqrt,balanced,0.5863636363636363,0.4727272727272727,0.11363636363636362,0.5202650677866195,0.4727272727272727,0.37003205128205124,55,0.7,0.6704980842911877,60,OK,
47,BASE_AIR_TEMP,"sst,chlorophyll_a,rainfall,wind_speed,month,year,station_id,air_temperature",0.31,0.64,RF_LEAF_3_BAL,400,,6,3,sqrt,balanced,0.6113636363636363,0.4727272727272727,0.13863636363636364,0.5351480170182381,0.4727272727272727,0.3457309941520468,55,0.75,0.7245650398844293,60,OK,
48,BASE_AIR_TEMP,"sst,chlorophyll_a,rainfall,wind_speed,month,year,station_id,air_temperature",0.31,0.64,RF_FEATURE_07_BAL,400,10.0,4,2,0.7,balanced_subsample,0.521969696969697,0.32727272727272727,0.1946969696969697,0.46842532467532466,0.32727272727272727,0.24458874458874458,55,0.7166666666666667,0.6922619047619047,60,OK,
49,BASE_WIND_DIR,"sst,chlorophyll_a,rainfall,wind_speed,month,year,station_id,wind_dir_sin,wind_dir_cos",0.31,0.64,RF_FULL,300,,2,1,sqrt,balanced,0.5598484848484848,0.43636363636363634,0.1234848484848485,0.4697114650425347,0.43636363636363634,0.3181565023670287,55,0.6833333333333333,0.6212664277180407,60,OK,
50,BASE_WIND_DIR,"sst,chlorophyll_a,rainfall,wind_speed,month,year,station_id,wind_dir_sin,wind_dir_cos",0.31,0.64,RF_DEPTH_6_BAL,350,6.0,2,2,sqrt,balanced,0.5772727272727273,0.45454545454545453,0.12272727272727271,0.4968917442410303,0.45454545454545453,0.3531490015360983,55,0.7,0.6406344869459623,60,OK,
51,BASE_WIND_DIR,"sst,chlorophyll_a,rainfall,wind_speed,month,year,station_id,wind_dir_sin,wind_dir_cos",0.31,0.64,RF_DEPTH_8_BAL,400,8.0,4,2,sqrt,balanced,0.5515151515151515,0.43636363636363634,0.11515151515151514,0.46956837940444496,0.43636363636363634,0.3264143264143264,55,0.6666666666666666,0.6127224323945636,60,OK,
52,BASE_WIND_DIR,"sst,chlorophyll_a,rainfall,wind_speed,month,year,station_id,wind_dir_sin,wind_dir_cos",0.31,0.64,RF_DEPTH_10_BAL,400,10.0,4,2,sqrt,balanced,0.5515151515151515,0.43636363636363634,0.11515151515151514,0.4696216163963284,0.43636363636363634,0.3279285429823064,55,0.6666666666666666,0.6113146898103504,60,OK,
53,BASE_WIND_DIR,"sst,chlorophyll_a,rainfall,wind_speed,month,year,station_id,wind_dir_sin,wind_dir_cos",0.31,0.64,RF_LEAF_3_BAL,400,,6,3,sqrt,balanced,0.5681818181818181,0.43636363636363634,0.1318181818181818,0.4897664976641618,0.43636363636363634,0.34186721283495475,55,0.7,0.6376657824933688,60,OK,
54,BASE_WIND_DIR,"sst,chlorophyll_a,rainfall,wind_speed,month,year,station_id,wind_dir_sin,wind_dir_cos",0.31,0.64,RF_FEATURE_07_BAL,400,10.0,4,2,0.7,balanced_subsample,0.5340909090909091,0.41818181818181815,0.11590909090909093,0.4493376568089212,0.41818181818181815,0.29435626102292767,55,0.65,0.6043190525949147,60,OK,
55,BASE,"sst,chlorophyll_a,rainfall,wind_speed,month,year,station_id",0.32,0.65,RF_FULL,300,,2,1,sqrt,balanced,0.5871212121212122,0.4909090909090909,0.09621212121212122,0.5089561367648131,0.4909090909090909,0.3737891737891738,55,0.6833333333333333,0.6441230997404525,60,OK,
56,BASE,"sst,chlorophyll_a,rainfall,wind_speed,month,year,station_id",0.32,0.65,RF_DEPTH_6_BAL,350,6.0,2,2,sqrt,balanced,0.5954545454545455,0.4909090909090909,0.10454545454545452,0.5103454415954416,0.4909090909090909,0.3737891737891738,55,0.7,0.6469017094017094,60,OK,
57,BASE,"sst,chlorophyll_a,rainfall,wind_speed,month,year,station_id",0.32,0.65,RF_DEPTH_8_BAL,400,8.0,4,2,sqrt,balanced,0.5962121212121212,0.509090909090909,0.08712121212121215,0.5178866942024837,0.509090909090909,0.4078272604588394,55,0.6833333333333333,0.627946127946128,60,OK,
58,BASE,"sst,chlorophyll_a,rainfall,wind_speed,month,year,station_id",0.32,0.65,RF_DEPTH_10_BAL,400,10.0,4,2,sqrt,balanced,0.5962121212121212,0.509090909090909,0.08712121212121215,0.516586737601157,0.509090909090909,0.3933001658374793,55,0.6833333333333333,0.6398733093648348,60,OK,
59,BASE,"sst,chlorophyll_a,rainfall,wind_speed,month,year,station_id",0.32,0.65,RF_LEAF_3_BAL,400,,6,3,sqrt,balanced,0.6128787878787878,0.509090909090909,0.10378787878787882,0.5193485142644564,0.509090909090909,0.3634405707363037,55,0.7166666666666667,0.6752564577926091,60,OK,
60,BASE,"sst,chlorophyll_a,rainfall,wind_speed,month,year,station_id",0.32,0.65,RF_FEATURE_07_BAL,400,10.0,4,2,0.7,balanced_subsample,0.5939393939393939,0.45454545454545453,0.13939393939393938,0.5366346429222317,0.45454545454545453,0.37572964669738856,55,0.7333333333333333,0.6975396391470748,60,OK,
61,BASE_NO_YEAR,"sst,chlorophyll_a,rainfall,wind_speed,month,station_id",0.32,0.65,RF_FULL,300,,2,1,sqrt,balanced,0.525,0.4,0.125,0.47526029916006723,0.4,0.3116478797638218,55,0.65,0.6388727185563127,60,OK,
62,BASE_NO_YEAR,"sst,chlorophyll_a,rainfall,wind_speed,month,station_id",0.32,0.65,RF_DEPTH_6_BAL,350,6.0,2,2,sqrt,balanced,0.5863636363636363,0.4727272727272727,0.11363636363636362,0.5332284334791279,0.4727272727272727,0.37911435202953375,55,0.7,0.6873425149287219,60,OK,
63,BASE_NO_YEAR,"sst,chlorophyll_a,rainfall,wind_speed,month,station_id",0.32,0.65,RF_DEPTH_8_BAL,400,8.0,4,2,sqrt,balanced,0.5507575757575758,0.41818181818181815,0.1325757575757576,0.4935829713698566,0.41818181818181815,0.31765027322404377,55,0.6833333333333333,0.6695156695156695,60,OK,
64,BASE_NO_YEAR,"sst,chlorophyll_a,rainfall,wind_speed,month,station_id",0.32,0.65,RF_DEPTH_10_BAL,400,10.0,4,2,sqrt,balanced,0.5333333333333333,0.4,0.1333333333333333,0.47586272077500147,0.4,0.30666666666666664,55,0.6666666666666666,0.6450587748833363,60,OK,
65,BASE_NO_YEAR,"sst,chlorophyll_a,rainfall,wind_speed,month,station_id",0.32,0.65,RF_LEAF_3_BAL,400,,6,3,sqrt,balanced,0.568939393939394,0.45454545454545453,0.11439393939393941,0.5038749780685264,0.45454545454545453,0.3479208963079931,55,0.6833333333333333,0.6598290598290598,60,OK,
66,BASE_NO_YEAR,"sst,chlorophyll_a,rainfall,wind_speed,month,station_id",0.32,0.65,RF_FEATURE_07_BAL,400,10.0,4,2,0.7,balanced_subsample,0.5507575757575758,0.41818181818181815,0.1325757575757576,0.5041030838837952,0.41818181818181815,0.34012352177422184,55,0.6833333333333333,0.6680826459933685,60,OK,
67,BASE_NO_STATION,"sst,chlorophyll_a,rainfall,wind_speed,month,year",0.32,0.65,RF_FULL,300,,2,1,sqrt,balanced,0.42272727272727273,0.34545454545454546,0.07727272727272727,0.36278452730065636,0.34545454545454546,0.24444444444444446,55,0.5,0.4811246101568682,60,OK,
68,BASE_NO_STATION,"sst,chlorophyll_a,rainfall,wind_speed,month,year",0.32,0.65,RF_DEPTH_6_BAL,350,6.0,2,2,sqrt,balanced,0.48484848484848486,0.43636363636363634,0.04848484848484849,0.41001966739374773,0.43636363636363634,0.30054226475279106,55,0.5333333333333333,0.5194970700347045,60,OK,
69,BASE_NO_STATION,"sst,chlorophyll_a,rainfall,wind_speed,month,year",0.32,0.65,RF_DEPTH_8_BAL,400,8.0,4,2,sqrt,balanced,0.4492424242424243,0.38181818181818183,0.06742424242424244,0.3719398656898657,0.38181818181818183,0.24249084249084252,55,0.5166666666666667,0.5013888888888889,60,OK,
70,BASE_NO_STATION,"sst,chlorophyll_a,rainfall,wind_speed,month,year",0.32,0.65,RF_DEPTH_10_BAL,400,10.0,4,2,sqrt,balanced,0.4401515151515152,0.36363636363636365,0.07651515151515154,0.3643391942964568,0.36363636363636365,0.2334770114942529,55,0.5166666666666667,0.4952013770986607,60,OK,
71,BASE_NO_STATION,"sst,chlorophyll_a,rainfall,wind_speed,month,year",0.32,0.65,RF_LEAF_3_BAL,400,,6,3,sqrt,balanced,0.5022727272727273,0.45454545454545453,0.04772727272727276,0.4009534666898843,0.45454545454545453,0.2735042735042735,55,0.55,0.5284026598754952,60,OK,
72,BASE_NO_STATION,"sst,chlorophyll_a,rainfall,wind_speed,month,year",0.32,0.65,RF_FEATURE_07_BAL,400,10.0,4,2,0.7,balanced_subsample,0.4484848484848485,0.36363636363636365,0.08484848484848484,0.38602805132859785,0.36363636363636365,0.265478096079189,55,0.5333333333333333,0.5065780065780067,60,OK,
73,BASE_SSS,"sst,chlorophyll_a,rainfall,wind_speed,month,year,station_id,sss",0.32,0.65,RF_FULL,300,,2,1,sqrt,balanced,0.5272727272727272,0.45454545454545453,0.07272727272727272,0.4545626501966907,0.45454545454545453,0.3518253968253968,55,0.6,0.5572999035679845,60,OK,
74,BASE_SSS,"sst,chlorophyll_a,rainfall,wind_speed,month,year,station_id,sss",0.32,0.65,RF_DEPTH_6_BAL,350,6.0,2,2,sqrt,balanced,0.5537878787878788,0.4909090909090909,0.0628787878787879,0.46730440173063126,0.4909090909090909,0.3732193732193732,55,0.6166666666666667,0.5613894302418893,60,OK,
75,BASE_SSS,"sst,chlorophyll_a,rainfall,wind_speed,month,year,station_id,sss",0.32,0.65,RF_DEPTH_8_BAL,400,8.0,4,2,sqrt,balanced,0.5621212121212121,0.4909090909090909,0.0712121212121212,0.4728068460496304,0.4909090909090909,0.3723976608187134,55,0.6333333333333333,0.5732160312805474,60,OK,
76,BASE_SSS,"sst,chlorophyll_a,rainfall,wind_speed,month,year,station_id,sss",0.32,0.65,RF_DEPTH_10_BAL,400,10.0,4,2,sqrt,balanced,0.5704545454545454,0.4909090909090909,0.07954545454545456,0.48590416539694975,0.4909090909090909,0.3723976608187134,55,0.65,0.5994106699751861,60,OK,
77,BASE_SSS,"sst,chlorophyll_a,rainfall,wind_speed,month,year,station_id,sss",0.32,0.65,RF_LEAF_3_BAL,400,,6,3,sqrt,balanced,0.5613636363636364,0.4727272727272727,0.08863636363636365,0.4652454278812974,0.4727272727272727,0.3436853002070393,55,0.65,0.5868055555555556,60,OK,
78,BASE_SSS,"sst,chlorophyll_a,rainfall,wind_speed,month,year,station_id,sss",0.32,0.65,RF_FEATURE_07_BAL,400,10.0,4,2,0.7,balanced_subsample,0.5257575757575758,0.41818181818181815,0.10757575757575757,0.44637297885990657,0.41818181818181815,0.3147420634920635,55,0.6333333333333333,0.5780038942277496,60,OK,
79,BASE_DEPTH,"sst,chlorophyll_a,rainfall,wind_speed,month,year,station_id,depth",0.32,0.65,RF_FULL,300,,2,1,sqrt,balanced,0.5871212121212122,0.4909090909090909,0.09621212121212122,0.5224354288499025,0.4909090909090909,0.3980872319688109,55,0.6833333333333333,0.6467836257309941,60,OK,
80,BASE_DEPTH,"sst,chlorophyll_a,rainfall,wind_speed,month,year,station_id,depth",0.32,0.65,RF_DEPTH_6_BAL,350,6.0,2,2,sqrt,balanced,0.603030303030303,0.4727272727272727,0.13030303030303028,0.5006772757412143,0.4727272727272727,0.3444444444444444,55,0.7333333333333333,0.6569101070379842,60,OK,
81,BASE_DEPTH,"sst,chlorophyll_a,rainfall,wind_speed,month,year,station_id,depth",0.32,0.65,RF_DEPTH_8_BAL,400,8.0,4,2,sqrt,balanced,0.6037878787878788,0.4909090909090909,0.11287878787878788,0.5101645379984625,0.4909090909090909,0.3754313319530711,55,0.7166666666666667,0.644897744043854,60,OK,
82,BASE_DEPTH,"sst,chlorophyll_a,rainfall,wind_speed,month,year,station_id,depth",0.32,0.65,RF_DEPTH_10_BAL,400,10.0,4,2,sqrt,balanced,0.5946969696969697,0.4727272727272727,0.12196969696969698,0.49563492063492054,0.4727272727272727,0.3444444444444444,55,0.7166666666666667,0.6468253968253967,60,OK,
83,BASE_DEPTH,"sst,chlorophyll_a,rainfall,wind_speed,month,year,station_id,depth",0.32,0.65,RF_LEAF_3_BAL,400,,6,3,sqrt,balanced,0.5772727272727273,0.45454545454545453,0.12272727272727271,0.4838024238699262,0.45454545454545453,0.3344322344322344,55,0.7,0.6331726133076181,60,OK,
84,BASE_DEPTH,"sst,chlorophyll_a,rainfall,wind_speed,month,year,station_id,depth",0.32,0.65,RF_FEATURE_07_BAL,400,10.0,4,2,0.7,balanced_subsample,0.5696969696969697,0.4727272727272727,0.09696969696969696,0.4927764827764828,0.4727272727272727,0.36871794871794866,55,0.6666666666666666,0.6168350168350168,60,OK,
85,BASE_DEPTH_NO_STATION,"sst,chlorophyll_a,rainfall,wind_speed,month,year,depth",0.32,0.65,RF_FULL,300,,2,1,sqrt,balanced,0.5681818181818181,0.43636363636363634,0.1318181818181818,0.4956596539837591,0.43636363636363634,0.32789148797920725,55,0.7,0.6634278199883109,60,OK,
86,BASE_DEPTH_NO_STATION,"sst,chlorophyll_a,rainfall,wind_speed,month,year,depth",0.32,0.65,RF_DEPTH_6_BAL,350,6.0,2,2,sqrt,balanced,0.6045454545454545,0.509090909090909,0.09545454545454546,0.5311120718404296,0.509090909090909,0.4078272604588394,55,0.7,0.6543968832220198,60,OK,
87,BASE_DEPTH_NO_STATION,"sst,chlorophyll_a,rainfall,wind_speed,month,year,depth",0.32,0.65,RF_DEPTH_8_BAL,400,8.0,4,2,sqrt,balanced,0.568939393939394,0.45454545454545453,0.11439393939393941,0.49435289209879374,0.45454545454545453,0.3596153846153846,55,0.6833333333333333,0.6290903995822029,60,OK,
88,BASE_DEPTH_NO_STATION,"sst,chlorophyll_a,rainfall,wind_speed,month,year,depth",0.32,0.65,RF_DEPTH_10_BAL,400,10.0,4,2,sqrt,balanced,0.5863636363636363,0.4727272727272727,0.11363636363636362,0.5068396021070045,0.4727272727272727,0.3719298245614035,55,0.7,0.6417493796526056,60,OK,
89,BASE_DEPTH_NO_STATION,"sst,chlorophyll_a,rainfall,wind_speed,month,year,depth",0.32,0.65,RF_LEAF_3_BAL,400,,6,3,sqrt,balanced,0.578030303030303,0.4727272727272727,0.10530303030303031,0.4812649679754943,0.4727272727272727,0.3457309941520468,55,0.6833333333333333,0.6167989417989418,60,OK,
90,BASE_DEPTH_NO_STATION,"sst,chlorophyll_a,rainfall,wind_speed,month,year,depth",0.32,0.65,RF_FEATURE_07_BAL,400,10.0,4,2,0.7,balanced_subsample,0.5583333333333333,0.4,0.15833333333333333,0.492286844289069,0.4,0.3078341013824885,55,0.7166666666666667,0.6767395871956495,60,OK,
91,BASE_PRESSURE,"sst,chlorophyll_a,rainfall,wind_speed,month,year,station_id,sea_level_pressure",0.32,0.65,RF_FULL,300,,2,1,sqrt,balanced,0.5363636363636364,0.4727272727272727,0.06363636363636363,0.4644571498189919,0.4727272727272727,0.3642526455026455,55,0.6,0.5646616541353383,60,OK,
92,BASE_PRESSURE,"sst,chlorophyll_a,rainfall,wind_speed,month,year,station_id,sea_level_pressure",0.32,0.65,RF_DEPTH_6_BAL,350,6.0,2,2,sqrt,balanced,0.5704545454545454,0.4909090909090909,0.07954545454545456,0.47630359154860064,0.4909090909090909,0.3727395411605938,55,0.65,0.5798676419366074,60,OK,
93,BASE_PRESSURE,"sst,chlorophyll_a,rainfall,wind_speed,month,year,station_id,sea_level_pressure",0.32,0.65,RF_DEPTH_8_BAL,400,8.0,4,2,sqrt,balanced,0.5606060606060606,0.45454545454545453,0.10606060606060605,0.46210539012958374,0.45454545454545453,0.3264957264957265,55,0.6666666666666666,0.5977150537634409,60,OK,
94,BASE_PRESSURE,"sst,chlorophyll_a,rainfall,wind_speed,month,year,station_id,sea_level_pressure",0.32,0.65,RF_DEPTH_10_BAL,400,10.0,4,2,sqrt,balanced,0.5606060606060606,0.45454545454545453,0.10606060606060605,0.4658127162077996,0.45454545454545453,0.309403210193377,55,0.6666666666666666,0.6222222222222222,60,OK,
95,BASE_PRESSURE,"sst,chlorophyll_a,rainfall,wind_speed,month,year,station_id,sea_level_pressure",0.32,0.65,RF_LEAF_3_BAL,400,,6,3,sqrt,balanced,0.5863636363636363,0.4727272727272727,0.11363636363636362,0.4907225775882492,0.4727272727272727,0.3359425096738529,55,0.7,0.6455026455026455,60,OK,
96,BASE_PRESSURE,"sst,chlorophyll_a,rainfall,wind_speed,month,year,station_id,sea_level_pressure",0.32,0.65,RF_FEATURE_07_BAL,400,10.0,4,2,0.7,balanced_subsample,0.5515151515151515,0.43636363636363634,0.11515151515151514,0.4515340266755604,0.43636363636363634,0.2701875239188672,55,0.6666666666666666,0.6328805294322536,60,OK,
97,BASE_AIR_TEMP,"sst,chlorophyll_a,rainfall,wind_speed,month,year,station_id,air_temperature",0.32,0.65,RF_FULL,300,,2,1,sqrt,balanced,0.5348484848484848,0.43636363636363634,0.09848484848484848,0.4642984905604488,0.43636363636363634,0.32943469785575047,55,0.6333333333333333,0.5991622832651471,60,OK,
98,BASE_AIR_TEMP,"sst,chlorophyll_a,rainfall,wind_speed,month,year,station_id,air_temperature",0.32,0.65,RF_DEPTH_6_BAL,350,6.0,2,2,sqrt,balanced,0.603030303030303,0.4727272727272727,0.13030303030303028,0.5256580934000289,0.4727272727272727,0.34757834757834755,55,0.7333333333333333,0.7037378392217102,60,OK,
99,BASE_AIR_TEMP,"sst,chlorophyll_a,rainfall,wind_speed,month,year,station_id,air_temperature",0.32,0.65,RF_DEPTH_8_BAL,400,8.0,4,2,sqrt,balanced,0.5704545454545454,0.4909090909090909,0.07954545454545456,0.4839221513912312,0.4909090909090909,0.35626312880044225,55,0.65,0.61158117398202,60,OK,
100,BASE_AIR_TEMP,"sst,chlorophyll_a,rainfall,wind_speed,month,year,station_id,air_temperature",0.32,0.65,RF_DEPTH_10_BAL,400,10.0,4,2,sqrt,balanced,0.5863636363636363,0.4727272727272727,0.11363636363636362,0.5090382159347676,0.4727272727272727,0.34757834757834755,55,0.7,0.6704980842911877,60,OK,
101,BASE_AIR_TEMP,"sst,chlorophyll_a,rainfall,wind_speed,month,year,station_id,air_temperature",0.32,0.65,RF_LEAF_3_BAL,400,,6,3,sqrt,balanced,0.6204545454545455,0.4909090909090909,0.12954545454545455,0.5257245489277219,0.4909090909090909,0.3268840579710145,55,0.75,0.7245650398844293,60,OK,
102,BASE_AIR_TEMP,"sst,chlorophyll_a,rainfall,wind_speed,month,year,station_id,air_temperature",0.32,0.65,RF_FEATURE_07_BAL,400,10.0,4,2,0.7,balanced_subsample,0.5856060606060606,0.45454545454545453,0.13106060606060607,0.5138232600732601,0.45454545454545453,0.3353846153846154,55,0.7166666666666667,0.6922619047619047,60,OK,
103,BASE_WIND_DIR,"sst,chlorophyll_a,rainfall,wind_speed,month,year,station_id,wind_dir_sin,wind_dir_cos",0.32,0.65,RF_FULL,300,,2,1,sqrt,balanced,0.568939393939394,0.45454545454545453,0.11439393939393941,0.4745891105451802,0.45454545454545453,0.3279117933723197,55,0.6833333333333333,0.6212664277180407,60,OK,
104,BASE_WIND_DIR,"sst,chlorophyll_a,rainfall,wind_speed,month,year,station_id,wind_dir_sin,wind_dir_cos",0.32,0.65,RF_DEPTH_6_BAL,350,6.0,2,2,sqrt,balanced,0.5954545454545455,0.4909090909090909,0.10454545454545452,0.476425840758049,0.4909090909090909,0.31221719457013575,55,0.7,0.6406344869459623,60,OK,
105,BASE_WIND_DIR,"sst,chlorophyll_a,rainfall,wind_speed,month,year,station_id,wind_dir_sin,wind_dir_cos",0.32,0.65,RF_DEPTH_8_BAL,400,8.0,4,2,sqrt,balanced,0.5696969696969697,0.4727272727272727,0.09696969696969696,0.4744523842884499,0.4727272727272727,0.33618233618233617,55,0.6666666666666666,0.6127224323945636,60,OK,
106,BASE_WIND_DIR,"sst,chlorophyll_a,rainfall,wind_speed,month,year,station_id,wind_dir_sin,wind_dir_cos",0.32,0.65,RF_DEPTH_10_BAL,400,10.0,4,2,sqrt,balanced,0.5606060606060606,0.45454545454545453,0.10606060606060605,0.47001631926414955,0.45454545454545453,0.32871794871794874,55,0.6666666666666666,0.6113146898103504,60,OK,
107,BASE_WIND_DIR,"sst,chlorophyll_a,rainfall,wind_speed,month,year,station_id,wind_dir_sin,wind_dir_cos",0.32,0.65,RF_LEAF_3_BAL,400,,6,3,sqrt,balanced,0.5863636363636363,0.4727272727272727,0.11363636363636362,0.4702977889802389,0.4727272727272727,0.3029297954671089,55,0.7,0.6376657824933688,60,OK,
108,BASE_WIND_DIR,"sst,chlorophyll_a,rainfall,wind_speed,month,year,station_id,wind_dir_sin,wind_dir_cos",0.32,0.65,RF_FEATURE_07_BAL,400,10.0,4,2,0.7,balanced_subsample,0.5522727272727272,0.45454545454545453,0.09772727272727275,0.46540738954532057,0.45454545454545453,0.3264957264957265,55,0.65,0.6043190525949147,60,OK,
109,BASE,"sst,chlorophyll_a,rainfall,wind_speed,month,year,station_id",0.3,0.65,RF_FULL,300,,2,1,sqrt,balanced,0.5621212121212121,0.4909090909090909,0.0712121212121212,0.4715726281515755,0.4909090909090909,0.3737891737891738,55,0.6333333333333333,0.5693560825139773,60,OK,
110,BASE,"sst,chlorophyll_a,rainfall,wind_speed,month,year,station_id",0.3,0.65,RF_DEPTH_6_BAL,350,6.0,2,2,sqrt,balanced,0.5787878787878787,0.4909090909090909,0.08787878787878786,0.4833227099328794,0.4909090909090909,0.3737891737891738,55,0.6666666666666666,0.592856246076585,60,OK,
111,BASE,"sst,chlorophyll_a,rainfall,wind_speed,month,year,station_id",0.3,0.65,RF_DEPTH_8_BAL,400,8.0,4,2,sqrt,balanced,0.6045454545454545,0.509090909090909,0.09545454545454546,0.5150247413405308,0.509090909090909,0.4078272604588394,55,0.7,0.6222222222222222,60,OK,
112,BASE,"sst,chlorophyll_a,rainfall,wind_speed,month,year,station_id",0.3,0.65,RF_DEPTH_10_BAL,400,10.0,4,2,sqrt,balanced,0.5795454545454546,0.509090909090909,0.07045454545454549,0.4806416341516702,0.509090909090909,0.3933001658374793,55,0.65,0.5679831024658611,60,OK,
113,BASE,"sst,chlorophyll_a,rainfall,wind_speed,month,year,station_id",0.3,0.65,RF_LEAF_3_BAL,400,,6,3,sqrt,balanced,0.5712121212121212,0.509090909090909,0.06212121212121213,0.45148174173977773,0.509090909090909,0.3634405707363037,55,0.6333333333333333,0.5395229127432518,60,OK,
114,BASE,"sst,chlorophyll_a,rainfall,wind_speed,month,year,station_id",0.3,0.65,RF_FEATURE_07_BAL,400,10.0,4,2,0.7,balanced_subsample,0.5606060606060606,0.45454545454545453,0.10606060606060605,0.48844842054246096,0.45454545454545453,0.37572964669738856,55,0.6666666666666666,0.6011671943875333,60,OK,
115,BASE_NO_YEAR,"sst,chlorophyll_a,rainfall,wind_speed,month,station_id",0.3,0.65,RF_FULL,300,,2,1,sqrt,balanced,0.47500000000000003,0.4,0.07500000000000001,0.41826737879593806,0.4,0.3116478797638218,55,0.55,0.5248868778280543,60,OK,
116,BASE_NO_YEAR,"sst,chlorophyll_a,rainfall,wind_speed,month,station_id",0.3,0.65,RF_DEPTH_6_BAL,350,6.0,2,2,sqrt,balanced,0.553030303030303,0.4727272727272727,0.08030303030303029,0.4838421920739765,0.4727272727272727,0.37911435202953375,55,0.6333333333333333,0.5885700321184192,60,OK,
117,BASE_NO_YEAR,"sst,chlorophyll_a,rainfall,wind_speed,month,station_id",0.3,0.65,RF_DEPTH_8_BAL,400,8.0,4,2,sqrt,balanced,0.5007575757575757,0.41818181818181815,0.08257575757575761,0.4290902881271734,0.41818181818181815,0.31765027322404377,55,0.5833333333333334,0.540530303030303,60,OK,
118,BASE_NO_YEAR,"sst,chlorophyll_a,rainfall,wind_speed,month,station_id",0.3,0.65,RF_DEPTH_10_BAL,400,10.0,4,2,sqrt,balanced,0.5083333333333333,0.4,0.10833333333333334,0.44007575757575756,0.4,0.30666666666666664,55,0.6166666666666667,0.5734848484848485,60,OK,
119,BASE_NO_YEAR,"sst,chlorophyll_a,rainfall,wind_speed,month,station_id",0.3,0.65,RF_LEAF_3_BAL,400,,6,3,sqrt,balanced,0.5272727272727272,0.45454545454545453,0.07272727272727272,0.45558923603278445,0.45454545454545453,0.3479208963079931,55,0.6,0.5632575757575758,60,OK,
120,BASE_NO_YEAR,"sst,chlorophyll_a,rainfall,wind_speed,month,station_id",0.3,0.65,RF_FEATURE_07_BAL,400,10.0,4,2,0.7,balanced_subsample,0.5174242424242425,0.41818181818181815,0.09924242424242427,0.4620688414971327,0.41818181818181815,0.34012352177422184,55,0.6166666666666667,0.5840141612200436,60,OK,
121,BASE_NO_STATION,"sst,chlorophyll_a,rainfall,wind_speed,month,year",0.3,0.65,RF_FULL,300,,2,1,sqrt,balanced,0.4310606060606061,0.34545454545454546,0.08560606060606063,0.35730158730158734,0.34545454545454546,0.24444444444444446,55,0.5166666666666667,0.47015873015873016,60,OK,
122,BASE_NO_STATION,"sst,chlorophyll_a,rainfall,wind_speed,month,year",0.3,0.65,RF_DEPTH_6_BAL,350,6.0,2,2,sqrt,balanced,0.47651515151515156,0.43636363636363634,0.04015151515151519,0.38844013790461374,0.43636363636363634,0.30054226475279106,55,0.5166666666666667,0.47633801105643636,60,OK,
123,BASE_NO_STATION,"sst,chlorophyll_a,rainfall,wind_speed,month,year",0.3,0.65,RF_DEPTH_8_BAL,400,8.0,4,2,sqrt,balanced,0.4575757575757576,0.38181818181818183,0.07575757575757575,0.36033912324234907,0.38181818181818183,0.24249084249084252,55,0.5333333333333333,0.47818740399385556,60,OK,
124,BASE_NO_STATION,"sst,chlorophyll_a,rainfall,wind_speed,month,year",0.3,0.65,RF_DEPTH_10_BAL,400,10.0,4,2,sqrt,balanced,0.4318181818181818,0.36363636363636365,0.06818181818181818,0.3447920374208767,0.36363636363636365,0.2334770114942529,55,0.5,0.45610706334750056,60,OK,
125,BASE_NO_STATION,"sst,chlorophyll_a,rainfall,wind_speed,month,year",0.3,0.65,RF_LEAF_3_BAL,400,,6,3,sqrt,balanced,0.4772727272727273,0.45454545454545453,0.022727272727272735,0.36471520439864136,0.45454545454545453,0.2735042735042735,55,0.5,0.45592613529300924,60,OK,
126,BASE_NO_STATION,"sst,chlorophyll_a,rainfall,wind_speed,month,year",0.3,0.65,RF_FEATURE_07_BAL,400,10.0,4,2,0.7,balanced_subsample,0.4401515151515152,0.36363636363636365,0.07651515151515154,0.37073006936394914,0.36363636363636365,0.265478096079189,55,0.5166666666666667,0.4759820426487093,60,OK,
127,BASE_SSS,"sst,chlorophyll_a,rainfall,wind_speed,month,year,station_id,sss",0.3,0.65,RF_FULL,300,,2,1,sqrt,balanced,0.5272727272727272,0.45454545454545453,0.07272727272727272,0.44579057998473287,0.45454545454545453,0.3518253968253968,55,0.6,0.5397557631440689,60,OK,
128,BASE_SSS,"sst,chlorophyll_a,rainfall,wind_speed,month,year,station_id,sss",0.3,0.65,RF_DEPTH_6_BAL,350,6.0,2,2,sqrt,balanced,0.5537878787878788,0.4909090909090909,0.0628787878787879,0.45330186313792875,0.4909090909090909,0.3732193732193732,55,0.6166666666666667,0.5333843530564842,60,OK,
129,BASE_SSS,"sst,chlorophyll_a,rainfall,wind_speed,month,year,station_id,sss",0.3,0.65,RF_DEPTH_8_BAL,400,8.0,4,2,sqrt,balanced,0.5537878787878788,0.4909090909090909,0.0628787878787879,0.462662479754362,0.4909090909090909,0.3723976608187134,55,0.6166666666666667,0.5529272986900106,60,OK,
130,BASE_SSS,"sst,chlorophyll_a,rainfall,wind_speed,month,year,station_id,sss",0.3,0.65,RF_DEPTH_10_BAL,400,10.0,4,2,sqrt,balanced,0.5454545454545454,0.4909090909090909,0.054545454545454536,0.4478990899909722,0.4909090909090909,0.3723976608187134,55,0.6,0.523400519163231,60,OK,
131,BASE_SSS,"sst,chlorophyll_a,rainfall,wind_speed,month,year,station_id,sss",0.3,0.65,RF_LEAF_3_BAL,400,,6,3,sqrt,balanced,0.5446969696969697,0.4727272727272727,0.07196969696969699,0.44776857602944553,0.4727272727272727,0.3436853002070393,55,0.6166666666666667,0.5518518518518518,60,OK,
132,BASE_SSS,"sst,chlorophyll_a,rainfall,wind_speed,month,year,station_id,sss",0.3,0.65,RF_FEATURE_07_BAL,400,10.0,4,2,0.7,balanced_subsample,0.5340909090909091,0.41818181818181815,0.11590909090909093,0.4414018157768158,0.41818181818181815,0.3147420634920635,55,0.65,0.568061568061568,60,OK,
133,BASE_DEPTH,"sst,chlorophyll_a,rainfall,wind_speed,month,year,station_id,depth",0.3,0.65,RF_FULL,300,,2,1,sqrt,balanced,0.5787878787878787,0.4909090909090909,0.08787878787878786,0.5054291083348101,0.4909090909090909,0.3980872319688109,55,0.6666666666666666,0.6127709847008093,60,OK,
134,BASE_DEPTH,"sst,chlorophyll_a,rainfall,wind_speed,month,year,station_id,depth",0.3,0.65,RF_DEPTH_6_BAL,350,6.0,2,2,sqrt,balanced,0.578030303030303,0.4727272727272727,0.10530303030303031,0.4678613785171162,0.4727272727272727,0.3444444444444444,55,0.6833333333333333,0.5912783125897879,60,OK,
135,BASE_DEPTH,"sst,chlorophyll_a,rainfall,wind_speed,month,year,station_id,depth",0.3,0.65,RF_DEPTH_8_BAL,400,8.0,4,2,sqrt,balanced,0.5871212121212122,0.4909090909090909,0.09621212121212122,0.48493788819875777,0.4909090909090909,0.3754313319530711,55,0.6833333333333333,0.5944444444444444,60,OK,
136,BASE_DEPTH,"sst,chlorophyll_a,rainfall,wind_speed,month,year,station_id,depth",0.3,0.65,RF_DEPTH_10_BAL,400,10.0,4,2,sqrt,balanced,0.578030303030303,0.4727272727272727,0.10530303030303031,0.47515883363340994,0.4727272727272727,0.3444444444444444,55,0.6833333333333333,0.6058732228223754,60,OK,
137,BASE_DEPTH,"sst,chlorophyll_a,rainfall,wind_speed,month,year,station_id,depth",0.3,0.65,RF_LEAF_3_BAL,400,,6,3,sqrt,balanced,0.5772727272727273,0.45454545454545453,0.12272727272727271,0.46934647280335084,0.45454545454545453,0.3344322344322344,55,0.7,0.6042607111744673,60,OK,
138,BASE_DEPTH,"sst,chlorophyll_a,rainfall,wind_speed,month,year,station_id,depth",0.3,0.65,RF_FEATURE_07_BAL,400,10.0,4,2,0.7,balanced_subsample,0.578030303030303,0.4727272727272727,0.10530303030303031,0.500900327742433,0.4727272727272727,0.36871794871794866,55,0.6833333333333333,0.6330827067669172,60,OK,
139,BASE_DEPTH_NO_STATION,"sst,chlorophyll_a,rainfall,wind_speed,month,year,depth",0.3,0.65,RF_FULL,300,,2,1,sqrt,balanced,0.5265151515151515,0.43636363636363634,0.09015151515151518,0.4315383365821962,0.43636363636363634,0.32789148797920725,55,0.6166666666666667,0.5351851851851852,60,OK,
140,BASE_DEPTH_NO_STATION,"sst,chlorophyll_a,rainfall,wind_speed,month,year,depth",0.3,0.65,RF_DEPTH_6_BAL,350,6.0,2,2,sqrt,balanced,0.5962121212121212,0.509090909090909,0.08712121212121215,0.4990757780231464,0.509090909090909,0.4078272604588394,55,0.6833333333333333,0.5903242955874535,60,OK,
141,BASE_DEPTH_NO_STATION,"sst,chlorophyll_a,rainfall,wind_speed,month,year,depth",0.3,0.65,RF_DEPTH_8_BAL,400,8.0,4,2,sqrt,balanced,0.5606060606060606,0.45454545454545453,0.10606060606060605,0.4677706552706553,0.45454545454545453,0.3596153846153846,55,0.6666666666666666,0.575925925925926,60,OK,
142,BASE_DEPTH_NO_STATION,"sst,chlorophyll_a,rainfall,wind_speed,month,year,depth",0.3,0.65,RF_DEPTH_10_BAL,400,10.0,4,2,sqrt,balanced,0.5613636363636364,0.4727272727272727,0.08863636363636365,0.46797361589957487,0.4727272727272727,0.3719298245614035,55,0.65,0.5640174072377463,60,OK,
143,BASE_DEPTH_NO_STATION,"sst,chlorophyll_a,rainfall,wind_speed,month,year,depth",0.3,0.65,RF_LEAF_3_BAL,400,,6,3,sqrt,balanced,0.5696969696969697,0.4727272727272727,0.09696969696969696,0.46082846003898636,0.4727272727272727,0.3457309941520468,55,0.6666666666666666,0.575925925925926,60,OK,
144,BASE_DEPTH_NO_STATION,"sst,chlorophyll_a,rainfall,wind_speed,month,year,depth",0.3,0.65,RF_FEATURE_07_BAL,400,10.0,4,2,0.7,balanced_subsample,0.525,0.4,0.125,0.44464907826537703,0.4,0.3078341013824885,55,0.65,0.5814640551482656,60,OK,
145,BASE_PRESSURE,"sst,chlorophyll_a,rainfall,wind_speed,month,year,station_id,sea_level_pressure",0.3,0.65,RF_FULL,300,,2,1,sqrt,balanced,0.5363636363636364,0.4727272727272727,0.06363636363636363,0.4564878519970198,0.4727272727272727,0.3642526455026455,55,0.6,0.5487230584913941,60,OK,
146,BASE_PRESSURE,"sst,chlorophyll_a,rainfall,wind_speed,month,year,station_id,sea_level_pressure",0.3,0.65,RF_DEPTH_6_BAL,350,6.0,2,2,sqrt,balanced,0.5787878787878787,0.4909090909090909,0.08787878787878786,0.48761095670992116,0.4909090909090909,0.3727395411605938,55,0.6666666666666666,0.6024823722592485,60,OK,
147,BASE_PRESSURE,"sst,chlorophyll_a,rainfall,wind_speed,month,year,station_id,sea_level_pressure",0.3,0.65,RF_DEPTH_8_BAL,400,8.0,4,2,sqrt,balanced,0.5522727272727272,0.45454545454545453,0.09772727272727275,0.4591092204949363,0.45454545454545453,0.3264957264957265,55,0.65,0.591722714494146,60,OK,
148,BASE_PRESSURE,"sst,chlorophyll_a,rainfall,wind_speed,month,year,station_id,sea_level_pressure",0.3,0.65,RF_DEPTH_10_BAL,400,10.0,4,2,sqrt,balanced,0.5606060606060606,0.45454545454545453,0.10606060606060605,0.45933819657538527,0.45454545454545453,0.309403210193377,55,0.6666666666666666,0.6092731829573935,60,OK,
149,BASE_PRESSURE,"sst,chlorophyll_a,rainfall,wind_speed,month,year,station_id,sea_level_pressure",0.3,0.65,RF_LEAF_3_BAL,400,,6,3,sqrt,balanced,0.553030303030303,0.4727272727272727,0.08030303030303029,0.45758537634759966,0.4727272727272727,0.3359425096738529,55,0.6333333333333333,0.5792282430213465,60,OK,
150,BASE_PRESSURE,"sst,chlorophyll_a,rainfall,wind_speed,month,year,station_id,sea_level_pressure",0.3,0.65,RF_FEATURE_07_BAL,400,10.0,4,2,0.7,balanced_subsample,0.5431818181818182,0.43636363636363634,0.10681818181818184,0.43058782165227627,0.43636363636363634,0.2701875239188672,55,0.65,0.5909881193856853,60,OK,
151,BASE_AIR_TEMP,"sst,chlorophyll_a,rainfall,wind_speed,month,year,station_id,air_temperature",0.3,0.65,RF_FULL,300,,2,1,sqrt,balanced,0.5515151515151515,0.43636363636363634,0.11515151515151514,0.4778519120624384,0.43636363636363634,0.32943469785575047,55,0.6666666666666666,0.6262691262691263,60,OK,
152,BASE_AIR_TEMP,"sst,chlorophyll_a,rainfall,wind_speed,month,year,station_id,air_temperature",0.3,0.65,RF_DEPTH_6_BAL,350,6.0,2,2,sqrt,balanced,0.5863636363636363,0.4727272727272727,0.11363636363636362,0.5000799966317208,0.4727272727272727,0.34757834757834755,55,0.7,0.6525816456850939,60,OK,
153,BASE_AIR_TEMP,"sst,chlorophyll_a,rainfall,wind_speed,month,year,station_id,air_temperature",0.3,0.65,RF_DEPTH_8_BAL,400,8.0,4,2,sqrt,balanced,0.5954545454545455,0.4909090909090909,0.10454545454545452,0.49970212281288484,0.4909090909090909,0.35626312880044225,55,0.7,0.6431411168253274,60,OK,
154,BASE_AIR_TEMP,"sst,chlorophyll_a,rainfall,wind_speed,month,year,station_id,air_temperature",0.3,0.65,RF_DEPTH_10_BAL,400,10.0,4,2,sqrt,balanced,0.5696969696969697,0.4727272727272727,0.09696969696969696,0.4837634337634338,0.4727272727272727,0.34757834757834755,55,0.6666666666666666,0.61994851994852,60,OK,
155,BASE_AIR_TEMP,"sst,chlorophyll_a,rainfall,wind_speed,month,year,station_id,air_temperature",0.3,0.65,RF_LEAF_3_BAL,400,,6,3,sqrt,balanced,0.5871212121212122,0.4909090909090909,0.09621212121212122,0.47919230306911464,0.4909090909090909,0.3268840579710145,55,0.6833333333333333,0.6315005481672148,60,OK,
156,BASE_AIR_TEMP,"sst,chlorophyll_a,rainfall,wind_speed,month,year,station_id,air_temperature",0.3,0.65,RF_FEATURE_07_BAL,400,10.0,4,2,0.7,balanced_subsample,0.5772727272727273,0.45454545454545453,0.12272727272727271,0.48408245349421825,0.45454545454545453,0.3353846153846154,55,0.7,0.6327802916038211,60,OK,
157,BASE_WIND_DIR,"sst,chlorophyll_a,rainfall,wind_speed,month,year,station_id,wind_dir_sin,wind_dir_cos",0.3,0.65,RF_FULL,300,,2,1,sqrt,balanced,0.5606060606060606,0.45454545454545453,0.10606060606060605,0.4633283726103599,0.45454545454545453,0.3279117933723197,55,0.6666666666666666,0.5987449518484002,60,OK,
158,BASE_WIND_DIR,"sst,chlorophyll_a,rainfall,wind_speed,month,year,station_id,wind_dir_sin,wind_dir_cos",0.3,0.65,RF_DEPTH_6_BAL,350,6.0,2,2,sqrt,balanced,0.5871212121212122,0.4909090909090909,0.09621212121212122,0.46179597958261964,0.4909090909090909,0.31221719457013575,55,0.6833333333333333,0.6113747645951035,60,OK,
159,BASE_WIND_DIR,"sst,chlorophyll_a,rainfall,wind_speed,month,year,station_id,wind_dir_sin,wind_dir_cos",0.3,0.65,RF_DEPTH_8_BAL,400,8.0,4,2,sqrt,balanced,0.5613636363636364,0.4727272727272727,0.08863636363636365,0.45886957361533637,0.4727272727272727,0.33618233618233617,55,0.65,0.5815568110483366,60,OK,
160,BASE_WIND_DIR,"sst,chlorophyll_a,rainfall,wind_speed,month,year,station_id,wind_dir_sin,wind_dir_cos",0.3,0.65,RF_DEPTH_10_BAL,400,10.0,4,2,sqrt,balanced,0.5772727272727273,0.45454545454545453,0.12272727272727271,0.4754700854700855,0.45454545454545453,0.32871794871794874,55,0.7,0.6222222222222222,60,OK,
161,BASE_WIND_DIR,"sst,chlorophyll_a,rainfall,wind_speed,month,year,station_id,wind_dir_sin,wind_dir_cos",0.3,0.65,RF_LEAF_3_BAL,400,,6,3,sqrt,balanced,0.5946969696969697,0.4727272727272727,0.12196969696969698,0.4768617231303799,0.4727272727272727,0.3029297954671089,55,0.7166666666666667,0.6507936507936508,60,OK,
162,BASE_WIND_DIR,"sst,chlorophyll_a,rainfall,wind_speed,month,year,station_id,wind_dir_sin,wind_dir_cos",0.3,0.65,RF_FEATURE_07_BAL,400,10.0,4,2,0.7,balanced_subsample,0.568939393939394,0.45454545454545453,0.11439393939393941,0.468935245545415,0.45454545454545453,0.3264957264957265,55,0.6833333333333333,0.6113747645951035,60,OK,
163,BASE,"sst,chlorophyll_a,rainfall,wind_speed,month,year,station_id",0.33,0.66,RF_FULL,300,,2,1,sqrt,balanced,0.5537878787878788,0.4909090909090909,0.0628787878787879,0.4746216910844274,0.4909090909090909,0.3737891737891738,55,0.6166666666666667,0.5754542083796811,60,OK,
164,BASE,"sst,chlorophyll_a,rainfall,wind_speed,month,year,station_id",0.33,0.66,RF_DEPTH_6_BAL,350,6.0,2,2,sqrt,balanced,0.5871212121212122,0.4909090909090909,0.09621212121212122,0.5022758747452852,0.4909090909090909,0.3737891737891738,55,0.6833333333333333,0.6307625757013966,60,OK,
165,BASE,"sst,chlorophyll_a,rainfall,wind_speed,month,year,station_id",0.33,0.66,RF_DEPTH_8_BAL,400,8.0,4,2,sqrt,balanced,0.6045454545454545,0.509090909090909,0.09545454545454546,0.5303025191183086,0.509090909090909,0.4078272604588394,55,0.7,0.6527777777777778,60,OK,
166,BASE,"sst,chlorophyll_a,rainfall,wind_speed,month,year,station_id",0.33,0.66,RF_DEPTH_10_BAL,400,10.0,4,2,sqrt,balanced,0.5962121212121212,0.509090909090909,0.08712121212121215,0.5160509885265419,0.509090909090909,0.3933001658374793,55,0.6833333333333333,0.6388018112156043,60,OK,
167,BASE,"sst,chlorophyll_a,rainfall,wind_speed,month,year,station_id",0.33,0.66,RF_LEAF_3_BAL,400,,6,3,sqrt,balanced,0.6045454545454545,0.509090909090909,0.09545454545454546,0.5066210790189455,0.509090909090909,0.3634405707363037,55,0.7,0.6498015873015873,60,OK,
168,BASE,"sst,chlorophyll_a,rainfall,wind_speed,month,year,station_id",0.33,0.66,RF_FEATURE_07_BAL,400,10.0,4,2,0.7,balanced_subsample,0.568939393939394,0.45454545454545453,0.11439393939393941,0.5125559193683132,0.45454545454545453,0.37572964669738856,55,0.6833333333333333,0.6493821920392379,60,OK,
169,BASE_NO_YEAR,"sst,chlorophyll_a,rainfall,wind_speed,month,station_id",0.33,0.66,RF_FULL,300,,2,1,sqrt,balanced,0.5166666666666666,0.4,0.11666666666666664,0.4675349629750478,0.4,0.3116478797638218,55,0.6333333333333333,0.6234220461862738,60,OK,
170,BASE_NO_YEAR,"sst,chlorophyll_a,rainfall,wind_speed,month,station_id",0.33,0.66,RF_DEPTH_6_BAL,350,6.0,2,2,sqrt,balanced,0.603030303030303,0.4727272727272727,0.13030303030303028,0.5473614088189998,0.4727272727272727,0.37911435202953375,55,0.7333333333333333,0.7156084656084657,60,OK,
171,BASE_NO_YEAR,"sst,chlorophyll_a,rainfall,wind_speed,month,station_id",0.33,0.66,RF_DEPTH_8_BAL,400,8.0,4,2,sqrt,balanced,0.5590909090909091,0.41818181818181815,0.1409090909090909,0.49499126225183177,0.41818181818181815,0.31765027322404377,55,0.7,0.6723322512796197,60,OK,
172,BASE_NO_YEAR,"sst,chlorophyll_a,rainfall,wind_speed,month,station_id",0.33,0.66,RF_DEPTH_10_BAL,400,10.0,4,2,sqrt,balanced,0.5333333333333333,0.4,0.1333333333333333,0.4749432549432549,0.4,0.30666666666666664,55,0.6666666666666666,0.6432198432198432,60,OK,
173,BASE_NO_YEAR,"sst,chlorophyll_a,rainfall,wind_speed,month,station_id",0.33,0.66,RF_LEAF_3_BAL,400,,6,3,sqrt,balanced,0.5856060606060606,0.45454545454545453,0.13106060606060607,0.5203931966920082,0.45454545454545453,0.3479208963079931,55,0.7166666666666667,0.6928654970760233,60,OK,
174,BASE_NO_YEAR,"sst,chlorophyll_a,rainfall,wind_speed,month,station_id",0.33,0.66,RF_FEATURE_07_BAL,400,10.0,4,2,0.7,balanced_subsample,0.5424242424242424,0.41818181818181815,0.12424242424242424,0.4945932968007607,0.41818181818181815,0.34012352177422184,55,0.6666666666666666,0.6490630718272995,60,OK,
175,BASE_NO_STATION,"sst,chlorophyll_a,rainfall,wind_speed,month,year",0.33,0.66,RF_FULL,300,,2,1,sqrt,balanced,0.44772727272727275,0.34545454545454546,0.10227272727272729,0.38870349771350887,0.34545454545454546,0.24444444444444446,55,0.55,0.5329625509825733,60,OK,
176,BASE_NO_STATION,"sst,chlorophyll_a,rainfall,wind_speed,month,year",0.33,0.66,RF_DEPTH_6_BAL,350,6.0,2,2,sqrt,balanced,0.47651515151515156,0.43636363636363634,0.04015151515151519,0.40215947391990947,0.43636363636363634,0.30054226475279106,55,0.5166666666666667,0.5037766830870279,60,OK,
177,BASE_NO_STATION,"sst,chlorophyll_a,rainfall,wind_speed,month,year",0.33,0.66,RF_DEPTH_8_BAL,400,8.0,4,2,sqrt,balanced,0.4575757575757576,0.38181818181818183,0.07575757575757575,0.3826679961404819,0.38181818181818183,0.24249084249084252,55,0.5333333333333333,0.5228451497901213,60,OK,
178,BASE_NO_STATION,"sst,chlorophyll_a,rainfall,wind_speed,month,year",0.33,0.66,RF_DEPTH_10_BAL,400,10.0,4,2,sqrt,balanced,0.4318181818181818,0.36363636363636365,0.06818181818181818,0.36129188265344453,0.36363636363636365,0.2334770114942529,55,0.5,0.4891067538126362,60,OK,
179,BASE_NO_STATION,"sst,chlorophyll_a,rainfall,wind_speed,month,year",0.33,0.66,RF_LEAF_3_BAL,400,,6,3,sqrt,balanced,0.5106060606060606,0.45454545454545453,0.05606060606060606,0.4143405205905206,0.45454545454545453,0.2735042735042735,55,0.5666666666666667,0.5551767676767677,60,OK,
180,BASE_NO_STATION,"sst,chlorophyll_a,rainfall,wind_speed,month,year",0.33,0.66,RF_FEATURE_07_BAL,400,10.0,4,2,0.7,balanced_subsample,0.4484848484848485,0.36363636363636365,0.08484848484848484,0.3926155912494711,0.36363636363636365,0.265478096079189,55,0.5333333333333333,0.5197530864197532,60,OK,
181,BASE_SSS,"sst,chlorophyll_a,rainfall,wind_speed,month,year,station_id,sss",0.33,0.66,RF_FULL,300,,2,1,sqrt,balanced,0.5356060606060606,0.45454545454545453,0.08106060606060608,0.4706581828133552,0.45454545454545453,0.3518253968253968,55,0.6166666666666667,0.5894909688013136,60,OK,
182,BASE_SSS,"sst,chlorophyll_a,rainfall,wind_speed,month,year,station_id,sss",0.33,0.66,RF_DEPTH_6_BAL,350,6.0,2,2,sqrt,balanced,0.5537878787878788,0.4909090909090909,0.0628787878787879,0.47024413126108044,0.4909090909090909,0.3732193732193732,55,0.6166666666666667,0.5672688893027876,60,OK,
183,BASE_SSS,"sst,chlorophyll_a,rainfall,wind_speed,month,year,station_id,sss",0.33,0.66,RF_DEPTH_8_BAL,400,8.0,4,2,sqrt,balanced,0.5621212121212121,0.4909090909090909,0.0712121212121212,0.476564430201186,0.4909090909090909,0.3723976608187134,55,0.6333333333333333,0.5807311995836586,60,OK,
184,BASE_SSS,"sst,chlorophyll_a,rainfall,wind_speed,month,year,station_id,sss",0.33,0.66,RF_DEPTH_10_BAL,400,10.0,4,2,sqrt,balanced,0.5621212121212121,0.4909090909090909,0.0712121212121212,0.476564430201186,0.4909090909090909,0.3723976608187134,55,0.6333333333333333,0.5807311995836586,60,OK,
185,BASE_SSS,"sst,chlorophyll_a,rainfall,wind_speed,month,year,station_id,sss",0.33,0.66,RF_LEAF_3_BAL,400,,6,3,sqrt,balanced,0.5696969696969697,0.4727272727272727,0.09696969696969696,0.4809233690203042,0.4727272727272727,0.3436853002070393,55,0.6666666666666666,0.618161437833569,60,OK,
186,BASE_SSS,"sst,chlorophyll_a,rainfall,wind_speed,month,year,station_id,sss",0.33,0.66,RF_FEATURE_07_BAL,400,10.0,4,2,0.7,balanced_subsample,0.5424242424242424,0.41818181818181815,0.12424242424242424,0.4750081148438271,0.41818181818181815,0.3147420634920635,55,0.6666666666666666,0.6352741661955906,60,OK,
187,BASE_DEPTH,"sst,chlorophyll_a,rainfall,wind_speed,month,year,station_id,depth",0.33,0.66,RF_FULL,300,,2,1,sqrt,balanced,0.5537878787878788,0.4909090909090909,0.0628787878787879,0.4895698460267645,0.4909090909090909,0.3980872319688109,55,0.6166666666666667,0.5810524600847181,60,OK,
188,BASE_DEPTH,"sst,chlorophyll_a,rainfall,wind_speed,month,year,station_id,depth",0.33,0.66,RF_DEPTH_6_BAL,350,6.0,2,2,sqrt,balanced,0.5946969696969697,0.4727272727272727,0.12196969696969698,0.49467109424414923,0.4727272727272727,0.3444444444444444,55,0.7166666666666667,0.644897744043854,60,OK,
189,BASE_DEPTH,"sst,chlorophyll_a,rainfall,wind_speed,month,year,station_id,depth",0.33,0.66,RF_DEPTH_8_BAL,400,8.0,4,2,sqrt,balanced,0.5954545454545455,0.4909090909090909,0.10454545454545452,0.5052783899908724,0.4909090909090909,0.3754313319530711,55,0.7,0.6351254480286738,60,OK,
190,BASE_DEPTH,"sst,chlorophyll_a,rainfall,wind_speed,month,year,station_id,depth",0.33,0.66,RF_DEPTH_10_BAL,400,10.0,4,2,sqrt,balanced,0.5863636363636363,0.4727272727272727,0.11363636363636362,0.48929475015812773,0.4727272727272727,0.3444444444444444,55,0.7,0.634145055871811,60,OK,
191,BASE_DEPTH,"sst,chlorophyll_a,rainfall,wind_speed,month,year,station_id,depth",0.33,0.66,RF_LEAF_3_BAL,400,,6,3,sqrt,balanced,0.5772727272727273,0.45454545454545453,0.12272727272727271,0.4838024238699262,0.45454545454545453,0.3344322344322344,55,0.7,0.6331726133076181,60,OK,
192,BASE_DEPTH,"sst,chlorophyll_a,rainfall,wind_speed,month,year,station_id,depth",0.33,0.66,RF_FEATURE_07_BAL,400,10.0,4,2,0.7,balanced_subsample,0.5696969696969697,0.4727272727272727,0.09696969696969696,0.49239086713662983,0.4727272727272727,0.36871794871794866,55,0.6666666666666666,0.6160637855553109,60,OK,
193,BASE_DEPTH_NO_STATION,"sst,chlorophyll_a,rainfall,wind_speed,month,year,depth",0.33,0.66,RF_FULL,300,,2,1,sqrt,balanced,0.5681818181818181,0.43636363636363634,0.1318181818181818,0.5014161285348925,0.43636363636363634,0.32789148797920725,55,0.7,0.6749407690905778,60,OK,
194,BASE_DEPTH_NO_STATION,"sst,chlorophyll_a,rainfall,wind_speed,month,year,depth",0.33,0.66,RF_DEPTH_6_BAL,350,6.0,2,2,sqrt,balanced,0.6212121212121211,0.509090909090909,0.11212121212121212,0.557760818822371,0.509090909090909,0.4078272604588394,55,0.7333333333333333,0.7076943771859027,60,OK,
195,BASE_DEPTH_NO_STATION,"sst,chlorophyll_a,rainfall,wind_speed,month,year,depth",0.33,0.66,RF_DEPTH_8_BAL,400,8.0,4,2,sqrt,balanced,0.5856060606060606,0.45454545454545453,0.13106060606060607,0.5232862173061736,0.45454545454545453,0.3596153846153846,55,0.7166666666666667,0.6869570499969626,60,OK,
196,BASE_DEPTH_NO_STATION,"sst,chlorophyll_a,rainfall,wind_speed,month,year,depth",0.33,0.66,RF_DEPTH_10_BAL,400,10.0,4,2,sqrt,balanced,0.5863636363636363,0.4727272727272727,0.11363636363636362,0.5235233576342961,0.4727272727272727,0.3719298245614035,55,0.7,0.6751168907071888,60,OK,
197,BASE_DEPTH_NO_STATION,"sst,chlorophyll_a,rainfall,wind_speed,month,year,depth",0.33,0.66,RF_LEAF_3_BAL,400,,6,3,sqrt,balanced,0.603030303030303,0.4727272727272727,0.13030303030303028,0.5274551331856158,0.4727272727272727,0.3457309941520468,55,0.7333333333333333,0.7091792722191848,60,OK,
198,BASE_DEPTH_NO_STATION,"sst,chlorophyll_a,rainfall,wind_speed,month,year,depth",0.33,0.66,RF_FEATURE_07_BAL,400,10.0,4,2,0.7,balanced_subsample,0.525,0.4,0.125,0.4554131280493906,0.4,0.3078341013824885,55,0.65,0.6029921547162926,60,OK,
199,BASE_PRESSURE,"sst,chlorophyll_a,rainfall,wind_speed,month,year,station_id,sea_level_pressure",0.33,0.66,RF_FULL,300,,2,1,sqrt,balanced,0.5613636363636364,0.4727272727272727,0.08863636363636365,0.4958424312042733,0.4727272727272727,0.3642526455026455,55,0.65,0.6274322169059011,60,OK,
200,BASE_PRESSURE,"sst,chlorophyll_a,rainfall,wind_speed,month,year,station_id,sea_level_pressure",0.33,0.66,RF_DEPTH_6_BAL,350,6.0,2,2,sqrt,balanced,0.5537878787878788,0.4909090909090909,0.0628787878787879,0.47094522478867656,0.4909090909090909,0.3727395411605938,55,0.6166666666666667,0.5691509084167593,60,OK,
201,BASE_PRESSURE,"sst,chlorophyll_a,rainfall,wind_speed,month,year,station_id,sea_level_pressure",0.33,0.66,RF_DEPTH_8_BAL,400,8.0,4,2,sqrt,balanced,0.5772727272727273,0.45454545454545453,0.12272727272727271,0.5002928824049514,0.45454545454545453,0.3264957264957265,55,0.7,0.6740900383141762,60,OK,
202,BASE_PRESSURE,"sst,chlorophyll_a,rainfall,wind_speed,month,year,station_id,sea_level_pressure",0.33,0.66,RF_DEPTH_10_BAL,400,10.0,4,2,sqrt,balanced,0.568939393939394,0.45454545454545453,0.11439393939393941,0.4804339002394397,0.45454545454545453,0.309403210193377,55,0.6833333333333333,0.6514645902855024,60,OK,
203,BASE_PRESSURE,"sst,chlorophyll_a,rainfall,wind_speed,month,year,station_id,sea_level_pressure",0.33,0.66,RF_LEAF_3_BAL,400,,6,3,sqrt,balanced,0.603030303030303,0.4727272727272727,0.13030303030303028,0.5116606607949733,0.4727272727272727,0.3359425096738529,55,0.7333333333333333,0.6873788119160937,60,OK,
204,BASE_PRESSURE,"sst,chlorophyll_a,rainfall,wind_speed,month,year,station_id,sea_level_pressure",0.33,0.66,RF_FEATURE_07_BAL,400,10.0,4,2,0.7,balanced_subsample,0.5765151515151515,0.43636363636363634,0.14015151515151517,0.4803077096074583,0.43636363636363634,0.2701875239188672,55,0.7166666666666667,0.6904278952960494,60,OK,
205,BASE_AIR_TEMP,"sst,chlorophyll_a,rainfall,wind_speed,month,year,station_id,air_temperature",0.33,0.66,RF_FULL,300,,2,1,sqrt,balanced,0.5515151515151515,0.43636363636363634,0.11515151515151514,0.4897080793691062,0.43636363636363634,0.32943469785575047,55,0.6666666666666666,0.649981460882462,60,OK,
206,BASE_AIR_TEMP,"sst,chlorophyll_a,rainfall,wind_speed,month,year,station_id,air_temperature",0.33,0.66,RF_DEPTH_6_BAL,350,6.0,2,2,sqrt,balanced,0.578030303030303,0.4727272727272727,0.10530303030303031,0.5015669515669515,0.4727272727272727,0.34757834757834755,55,0.6833333333333333,0.6555555555555556,60,OK,
207,BASE_AIR_TEMP,"sst,chlorophyll_a,rainfall,wind_speed,month,year,station_id,air_temperature",0.33,0.66,RF_DEPTH_8_BAL,400,8.0,4,2,sqrt,balanced,0.5787878787878787,0.4909090909090909,0.08787878787878786,0.5022154636645109,0.4909090909090909,0.35626312880044225,55,0.6666666666666666,0.6481677985285795,60,OK,
208,BASE_AIR_TEMP,"sst,chlorophyll_a,rainfall,wind_speed,month,year,station_id,air_temperature",0.33,0.66,RF_DEPTH_10_BAL,400,10.0,4,2,sqrt,balanced,0.5613636363636364,0.4727272727272727,0.08863636363636365,0.4907534595034595,0.4727272727272727,0.34757834757834755,55,0.65,0.6339285714285715,60,OK,
209,BASE_AIR_TEMP,"sst,chlorophyll_a,rainfall,wind_speed,month,year,station_id,air_temperature",0.33,0.66,RF_LEAF_3_BAL,400,,6,3,sqrt,balanced,0.5871212121212122,0.4909090909090909,0.09621212121212122,0.4940454772613693,0.4909090909090909,0.3268840579710145,55,0.6833333333333333,0.6612068965517242,60,OK,
210,BASE_AIR_TEMP,"sst,chlorophyll_a,rainfall,wind_speed,month,year,station_id,air_temperature",0.33,0.66,RF_FEATURE_07_BAL,400,10.0,4,2,0.7,balanced_subsample,0.5772727272727273,0.45454545454545453,0.12272727272727271,0.5063283392527986,0.45454545454545453,0.3353846153846154,55,0.7,0.677272063120982,60,OK,
211,BASE_WIND_DIR,"sst,chlorophyll_a,rainfall,wind_speed,month,year,station_id,wind_dir_sin,wind_dir_cos",0.33,0.66,RF_FULL,300,,2,1,sqrt,balanced,0.543939393939394,0.45454545454545453,0.08939393939393939,0.46245945211183687,0.45454545454545453,0.3279117933723197,55,0.6333333333333333,0.597007110851354,60,OK,
212,BASE_WIND_DIR,"sst,chlorophyll_a,rainfall,wind_speed,month,year,station_id,wind_dir_sin,wind_dir_cos",0.33,0.66,RF_DEPTH_6_BAL,350,6.0,2,2,sqrt,balanced,0.5787878787878787,0.4909090909090909,0.08787878787878786,0.4650371687136393,0.4909090909090909,0.31221719457013575,55,0.6666666666666666,0.6178571428571429,60,OK,
213,BASE_WIND_DIR,"sst,chlorophyll_a,rainfall,wind_speed,month,year,station_id,wind_dir_sin,wind_dir_cos",0.33,0.66,RF_DEPTH_8_BAL,400,8.0,4,2,sqrt,balanced,0.553030303030303,0.4727272727272727,0.08030303030303029,0.46085211085211086,0.4727272727272727,0.33618233618233617,55,0.6333333333333333,0.5855218855218856,60,OK,
214,BASE_WIND_DIR,"sst,chlorophyll_a,rainfall,wind_speed,month,year,station_id,wind_dir_sin,wind_dir_cos",0.33,0.66,RF_DEPTH_10_BAL,400,10.0,4,2,sqrt,balanced,0.5522727272727272,0.45454545454545453,0.09772727272727275,0.4637092803195394,0.45454545454545453,0.32871794871794874,55,0.65,0.5987006119211301,60,OK,
215,BASE_WIND_DIR,"sst,chlorophyll_a,rainfall,wind_speed,month,year,station_id,wind_dir_sin,wind_dir_cos",0.33,0.66,RF_LEAF_3_BAL,400,,6,3,sqrt,balanced,0.5946969696969697,0.4727272727272727,0.12196969696969698,0.4915251954535469,0.4727272727272727,0.3029297954671089,55,0.7166666666666667,0.6801205954399849,60,OK,
216,BASE_WIND_DIR,"sst,chlorophyll_a,rainfall,wind_speed,month,year,station_id,wind_dir_sin,wind_dir_cos",0.33,0.66,RF_FEATURE_07_BAL,400,10.0,4,2,0.7,balanced_subsample,0.5522727272727272,0.45454545454545453,0.09772727272727275,0.46489955840868624,0.45454545454545453,0.3264957264957265,55,0.65,0.6033033903216459,60,OK,
217,BASE,"sst,chlorophyll_a,rainfall,wind_speed,month,year,station_id",0.34,0.65,RF_FULL,300,,2,1,sqrt,balanced,0.6143939393939394,0.5454545454545454,0.06893939393939397,0.5529396769831404,0.5454545454545454,0.4617562542258283,55,0.6833333333333333,0.6441230997404525,60,OK,
218,BASE,"sst,chlorophyll_a,rainfall,wind_speed,month,year,station_id",0.34,0.65,RF_DEPTH_6_BAL,350,6.0,2,2,sqrt,balanced,0.6136363636363635,0.5272727272727272,0.08636363636363636,0.5396047008547009,0.5272727272727272,0.4323076923076923,55,0.7,0.6469017094017094,60,OK,
219,BASE,"sst,chlorophyll_a,rainfall,wind_speed,month,year,station_id",0.34,0.65,RF_DEPTH_8_BAL,400,8.0,4,2,sqrt,balanced,0.6234848484848485,0.5636363636363636,0.05984848484848487,0.5497927997927998,0.5636363636363636,0.4716394716394716,55,0.6833333333333333,0.627946127946128,60,OK,
220,BASE,"sst,chlorophyll_a,rainfall,wind_speed,month,year,station_id",0.34,0.65,RF_DEPTH_10_BAL,400,10.0,4,2,sqrt,balanced,0.6143939393939394,0.5454545454545454,0.06893939393939397,0.5432534042678236,0.5454545454545454,0.4466334991708126,55,0.6833333333333333,0.6398733093648348,60,OK,
221,BASE,"sst,chlorophyll_a,rainfall,wind_speed,month,year,station_id",0.34,0.65,RF_LEAF_3_BAL,400,,6,3,sqrt,balanced,0.621969696969697,0.5272727272727272,0.09469696969696972,0.5620825939756696,0.5272727272727272,0.4489087301587302,55,0.7166666666666667,0.6752564577926091,60,OK,
222,BASE,"sst,chlorophyll_a,rainfall,wind_speed,month,year,station_id",0.34,0.65,RF_FEATURE_07_BAL,400,10.0,4,2,0.7,balanced_subsample,0.6121212121212121,0.4909090909090909,0.12121212121212119,0.5501587084624263,0.4909090909090909,0.40277777777777773,55,0.7333333333333333,0.6975396391470748,60,OK,
223,BASE_NO_YEAR,"sst,chlorophyll_a,rainfall,wind_speed,month,station_id",0.34,0.65,RF_FULL,300,,2,1,sqrt,balanced,0.5340909090909091,0.41818181818181815,0.11590909090909093,0.4879429184950981,0.41818181818181815,0.33701311843388343,55,0.65,0.6388727185563127,60,OK,
224,BASE_NO_YEAR,"sst,chlorophyll_a,rainfall,wind_speed,month,station_id",0.34,0.65,RF_DEPTH_6_BAL,350,6.0,2,2,sqrt,balanced,0.5863636363636363,0.4727272727272727,0.11363636363636362,0.5504943778468034,0.4727272727272727,0.4136462407648849,55,0.7,0.6873425149287219,60,OK,
225,BASE_NO_YEAR,"sst,chlorophyll_a,rainfall,wind_speed,month,station_id",0.34,0.65,RF_DEPTH_8_BAL,400,8.0,4,2,sqrt,balanced,0.5507575757575758,0.41818181818181815,0.1325757575757576,0.526404336068583,0.41818181818181815,0.3832930026214963,55,0.6833333333333333,0.6695156695156695,60,OK,
226,BASE_NO_YEAR,"sst,chlorophyll_a,rainfall,wind_speed,month,station_id",0.34,0.65,RF_DEPTH_10_BAL,400,10.0,4,2,sqrt,balanced,0.5606060606060606,0.45454545454545453,0.10606060606060605,0.5267526390120089,0.45454545454545453,0.4084465031406815,55,0.6666666666666666,0.6450587748833363,60,OK,
227,BASE_NO_YEAR,"sst,chlorophyll_a,rainfall,wind_speed,month,station_id",0.34,0.65,RF_LEAF_3_BAL,400,,6,3,sqrt,balanced,0.568939393939394,0.45454545454545453,0.11439393939393941,0.5324412091361244,0.45454545454545453,0.40505335844318896,55,0.6833333333333333,0.6598290598290598,60,OK,
228,BASE_NO_YEAR,"sst,chlorophyll_a,rainfall,wind_speed,month,station_id",0.34,0.65,RF_FEATURE_07_BAL,400,10.0,4,2,0.7,balanced_subsample,0.5598484848484848,0.43636363636363634,0.1234848484848485,0.5234938189709194,0.43636363636363634,0.3789049919484702,55,0.6833333333333333,0.6680826459933685,60,OK,
229,BASE_NO_STATION,"sst,chlorophyll_a,rainfall,wind_speed,month,year",0.34,0.65,RF_FULL,300,,2,1,sqrt,balanced,0.45,0.4,0.04999999999999999,0.3817774118107822,0.4,0.2824302134646962,55,0.5,0.4811246101568682,60,OK,
230,BASE_NO_STATION,"sst,chlorophyll_a,rainfall,wind_speed,month,year",0.34,0.65,RF_DEPTH_6_BAL,350,6.0,2,2,sqrt,balanced,0.4939393939393939,0.45454545454545453,0.0393939393939394,0.4102031584519036,0.45454545454545453,0.30090924686910275,55,0.5333333333333333,0.5194970700347045,60,OK,
231,BASE_NO_STATION,"sst,chlorophyll_a,rainfall,wind_speed,month,year",0.34,0.65,RF_DEPTH_8_BAL,400,8.0,4,2,sqrt,balanced,0.47651515151515156,0.43636363636363634,0.04015151515151519,0.3992355585027999,0.43636363636363634,0.29708222811671087,55,0.5166666666666667,0.5013888888888889,60,OK,
232,BASE_NO_STATION,"sst,chlorophyll_a,rainfall,wind_speed,month,year",0.34,0.65,RF_DEPTH_10_BAL,400,10.0,4,2,sqrt,balanced,0.4674242424242424,0.41818181818181815,0.04924242424242428,0.39100346632710814,0.41818181818181815,0.28680555555555554,55,0.5166666666666667,0.4952013770986607,60,OK,
233,BASE_NO_STATION,"sst,chlorophyll_a,rainfall,wind_speed,month,year",0.34,0.65,RF_LEAF_3_BAL,400,,6,3,sqrt,balanced,0.5295454545454545,0.509090909090909,0.020454545454545503,0.42776240654230246,0.509090909090909,0.3271221532091097,55,0.55,0.5284026598754952,60,OK,
234,BASE_NO_STATION,"sst,chlorophyll_a,rainfall,wind_speed,month,year",0.34,0.65,RF_FEATURE_07_BAL,400,10.0,4,2,0.7,balanced_subsample,0.4575757575757576,0.38181818181818183,0.07575757575757575,0.4032890032890033,0.38181818181818183,0.3,55,0.5333333333333333,0.5065780065780067,60,OK,
235,BASE_SSS,"sst,chlorophyll_a,rainfall,wind_speed,month,year,station_id,sss",0.34,0.65,RF_FULL,300,,2,1,sqrt,balanced,0.5454545454545454,0.4909090909090909,0.054545454545454536,0.458751622081741,0.4909090909090909,0.3602033405954974,55,0.6,0.5572999035679845,60,OK,
236,BASE_SSS,"sst,chlorophyll_a,rainfall,wind_speed,month,year,station_id,sss",0.34,0.65,RF_DEPTH_6_BAL,350,6.0,2,2,sqrt,balanced,0.5628787878787879,0.509090909090909,0.05378787878787883,0.48012491455114403,0.509090909090909,0.39886039886039887,55,0.6166666666666667,0.5613894302418893,60,OK,
237,BASE_SSS,"sst,chlorophyll_a,rainfall,wind_speed,month,year,station_id,sss",0.34,0.65,RF_DEPTH_8_BAL,400,8.0,4,2,sqrt,balanced,0.5712121212121212,0.509090909090909,0.06212121212121213,0.49763365666591475,0.509090909090909,0.42205128205128206,55,0.6333333333333333,0.5732160312805474,60,OK,
238,BASE_SSS,"sst,chlorophyll_a,rainfall,wind_speed,month,year,station_id,sss",0.34,0.65,RF_DEPTH_10_BAL,400,10.0,4,2,sqrt,balanced,0.5522727272727272,0.45454545454545453,0.09772727272727275,0.4694568562857675,0.45454545454545453,0.33950304259634895,55,0.65,0.5994106699751861,60,OK,
239,BASE_SSS,"sst,chlorophyll_a,rainfall,wind_speed,month,year,station_id,sss",0.34,0.65,RF_LEAF_3_BAL,400,,6,3,sqrt,balanced,0.5613636363636364,0.4727272727272727,0.08863636363636365,0.4613740326147042,0.4727272727272727,0.3359425096738529,55,0.65,0.5868055555555556,60,OK,
240,BASE_SSS,"sst,chlorophyll_a,rainfall,wind_speed,month,year,station_id,sss",0.34,0.65,RF_FEATURE_07_BAL,400,10.0,4,2,0.7,balanced_subsample,0.5257575757575758,0.41818181818181815,0.10757575757575757,0.46135217752862134,0.41818181818181815,0.34470046082949307,55,0.6333333333333333,0.5780038942277496,60,OK,
241,BASE_DEPTH,"sst,chlorophyll_a,rainfall,wind_speed,month,year,station_id,depth",0.34,0.65,RF_FULL,300,,2,1,sqrt,balanced,0.6143939393939394,0.5454545454545454,0.06893939393939397,0.5348660321828537,0.5454545454545454,0.42294843863471315,55,0.6833333333333333,0.6467836257309941,60,OK,
242,BASE_DEPTH,"sst,chlorophyll_a,rainfall,wind_speed,month,year,station_id,depth",0.34,0.65,RF_DEPTH_6_BAL,350,6.0,2,2,sqrt,balanced,0.6393939393939394,0.5454545454545454,0.09393939393939393,0.5580097093894375,0.5454545454545454,0.4591093117408907,55,0.7333333333333333,0.6569101070379842,60,OK,
243,BASE_DEPTH,"sst,chlorophyll_a,rainfall,wind_speed,month,year,station_id,depth",0.34,0.65,RF_DEPTH_8_BAL,400,8.0,4,2,sqrt,balanced,0.6037878787878788,0.4909090909090909,0.11287878787878788,0.5286298336853448,0.4909090909090909,0.41236192332683563,55,0.7166666666666667,0.644897744043854,60,OK,
244,BASE_DEPTH,"sst,chlorophyll_a,rainfall,wind_speed,month,year,station_id,depth",0.34,0.65,RF_DEPTH_10_BAL,400,10.0,4,2,sqrt,balanced,0.6037878787878788,0.4909090909090909,0.11287878787878788,0.5307539682539683,0.4909090909090909,0.4146825396825397,55,0.7166666666666667,0.6468253968253967,60,OK,
245,BASE_DEPTH,"sst,chlorophyll_a,rainfall,wind_speed,month,year,station_id,depth",0.34,0.65,RF_LEAF_3_BAL,400,,6,3,sqrt,balanced,0.6136363636363635,0.5272727272727272,0.08636363636363636,0.5336623300456219,0.5272727272727272,0.4341520467836257,55,0.7,0.6331726133076181,60,OK,
246,BASE_DEPTH,"sst,chlorophyll_a,rainfall,wind_speed,month,year,station_id,depth",0.34,0.65,RF_FEATURE_07_BAL,400,10.0,4,2,0.7,balanced_subsample,0.5696969696969697,0.4727272727272727,0.09696969696969696,0.4978163448751684,0.4727272727272727,0.37879767291531996,55,0.6666666666666666,0.6168350168350168,60,OK,
247,BASE_DEPTH_NO_STATION,"sst,chlorophyll_a,rainfall,wind_speed,month,year,depth",0.34,0.65,RF_FULL,300,,2,1,sqrt,balanced,0.6045454545454545,0.509090909090909,0.09545454545454546,0.5431032049909066,0.509090909090909,0.4227785899935023,55,0.7,0.6634278199883109,60,OK,
248,BASE_DEPTH_NO_STATION,"sst,chlorophyll_a,rainfall,wind_speed,month,year,depth",0.34,0.65,RF_DEPTH_6_BAL,350,6.0,2,2,sqrt,balanced,0.6227272727272727,0.5454545454545454,0.07727272727272727,0.5493249700533278,0.5454545454545454,0.44425305688463584,55,0.7,0.6543968832220198,60,OK,
249,BASE_DEPTH_NO_STATION,"sst,chlorophyll_a,rainfall,wind_speed,month,year,depth",0.34,0.65,RF_DEPTH_8_BAL,400,8.0,4,2,sqrt,balanced,0.6053030303030302,0.5272727272727272,0.07803030303030306,0.5245286160431744,0.5272727272727272,0.4199668325041459,55,0.6833333333333333,0.6290903995822029,60,OK,
250,BASE_DEPTH_NO_STATION,"sst,chlorophyll_a,rainfall,wind_speed,month,year,depth",0.34,0.65,RF_DEPTH_10_BAL,400,10.0,4,2,sqrt,balanced,0.6136363636363635,0.5272727272727272,0.08636363636363636,0.5308581060783757,0.5272727272727272,0.4199668325041459,55,0.7,0.6417493796526056,60,OK,
251,BASE_DEPTH_NO_STATION,"sst,chlorophyll_a,rainfall,wind_speed,month,year,depth",0.34,0.65,RF_LEAF_3_BAL,400,,6,3,sqrt,balanced,0.5871212121212122,0.4909090909090909,0.09621212121212122,0.5060917785917786,0.4909090909090909,0.3953846153846154,55,0.6833333333333333,0.6167989417989418,60,OK,
252,BASE_DEPTH_NO_STATION,"sst,chlorophyll_a,rainfall,wind_speed,month,year,depth",0.34,0.65,RF_FEATURE_07_BAL,400,10.0,4,2,0.7,balanced_subsample,0.5674242424242424,0.41818181818181815,0.14924242424242426,0.5047144650651472,0.41818181818181815,0.33268934293464475,55,0.7166666666666667,0.6767395871956495,60,OK,
253,BASE_PRESSURE,"sst,chlorophyll_a,rainfall,wind_speed,month,year,station_id,sea_level_pressure",0.34,0.65,RF_FULL,300,,2,1,sqrt,balanced,0.5545454545454545,0.509090909090909,0.04545454545454547,0.4743452917811388,0.509090909090909,0.3840289294269394,55,0.6,0.5646616541353383,60,OK,
254,BASE_PRESSURE,"sst,chlorophyll_a,rainfall,wind_speed,month,year,station_id,sea_level_pressure",0.34,0.65,RF_DEPTH_6_BAL,350,6.0,2,2,sqrt,balanced,0.5704545454545454,0.4909090909090909,0.07954545454545456,0.4754039064383892,0.4909090909090909,0.37094017094017095,55,0.65,0.5798676419366074,60,OK,
255,BASE_PRESSURE,"sst,chlorophyll_a,rainfall,wind_speed,month,year,station_id,sea_level_pressure",0.34,0.65,RF_DEPTH_8_BAL,400,8.0,4,2,sqrt,balanced,0.5696969696969697,0.4727272727272727,0.09696969696969696,0.46080640318983507,0.4727272727272727,0.3238977526162292,55,0.6666666666666666,0.5977150537634409,60,OK,
256,BASE_PRESSURE,"sst,chlorophyll_a,rainfall,wind_speed,month,year,station_id,sea_level_pressure",0.34,0.65,RF_DEPTH_10_BAL,400,10.0,4,2,sqrt,balanced,0.5787878787878787,0.4909090909090909,0.08787878787878786,0.47803511179733515,0.4909090909090909,0.3338480013724481,55,0.6666666666666666,0.6222222222222222,60,OK,
257,BASE_PRESSURE,"sst,chlorophyll_a,rainfall,wind_speed,month,year,station_id,sea_level_pressure",0.34,0.65,RF_LEAF_3_BAL,400,,6,3,sqrt,balanced,0.5863636363636363,0.4727272727272727,0.11363636363636362,0.49767052119993294,0.4727272727272727,0.34983839689722046,55,0.7,0.6455026455026455,60,OK,
258,BASE_PRESSURE,"sst,chlorophyll_a,rainfall,wind_speed,month,year,station_id,sea_level_pressure",0.34,0.65,RF_FEATURE_07_BAL,400,10.0,4,2,0.7,balanced_subsample,0.5787878787878787,0.4909090909090909,0.08787878787878786,0.4965419350138755,0.4909090909090909,0.3602033405954974,55,0.6666666666666666,0.6328805294322536,60,OK,
259,BASE_AIR_TEMP,"sst,chlorophyll_a,rainfall,wind_speed,month,year,station_id,air_temperature",0.34,0.65,RF_FULL,300,,2,1,sqrt,balanced,0.5712121212121212,0.509090909090909,0.06212121212121213,0.5122248197934931,0.509090909090909,0.4252873563218391,55,0.6333333333333333,0.5991622832651471,60,OK,
260,BASE_AIR_TEMP,"sst,chlorophyll_a,rainfall,wind_speed,month,year,station_id,air_temperature",0.34,0.65,RF_DEPTH_6_BAL,350,6.0,2,2,sqrt,balanced,0.6484848484848484,0.5636363636363636,0.08484848484848484,0.574666966413877,0.5636363636363636,0.44559609360604385,55,0.7333333333333333,0.7037378392217102,60,OK,
261,BASE_AIR_TEMP,"sst,chlorophyll_a,rainfall,wind_speed,month,year,station_id,air_temperature",0.34,0.65,RF_DEPTH_8_BAL,400,8.0,4,2,sqrt,balanced,0.5613636363636364,0.4727272727272727,0.08863636363636365,0.48014956134998443,0.4727272727272727,0.34871794871794876,55,0.65,0.61158117398202,60,OK,
262,BASE_AIR_TEMP,"sst,chlorophyll_a,rainfall,wind_speed,month,year,station_id,air_temperature",0.34,0.65,RF_DEPTH_10_BAL,400,10.0,4,2,sqrt,balanced,0.6045454545454545,0.509090909090909,0.09545454545454546,0.5356458675424193,0.509090909090909,0.40079365079365076,55,0.7,0.6704980842911877,60,OK,
263,BASE_AIR_TEMP,"sst,chlorophyll_a,rainfall,wind_speed,month,year,station_id,air_temperature",0.34,0.65,RF_LEAF_3_BAL,400,,6,3,sqrt,balanced,0.6295454545454545,0.509090909090909,0.12045454545454548,0.5554140843424358,0.509090909090909,0.38626312880044217,55,0.75,0.7245650398844293,60,OK,
264,BASE_AIR_TEMP,"sst,chlorophyll_a,rainfall,wind_speed,month,year,station_id,air_temperature",0.34,0.65,RF_FEATURE_07_BAL,400,10.0,4,2,0.7,balanced_subsample,0.5765151515151515,0.43636363636363634,0.14015151515151517,0.5240237718613473,0.43636363636363634,0.3557856389607899,55,0.7166666666666667,0.6922619047619047,60,OK,
265,BASE_WIND_DIR,"sst,chlorophyll_a,rainfall,wind_speed,month,year,station_id,wind_dir_sin,wind_dir_cos",0.34,0.65,RF_FULL,300,,2,1,sqrt,balanced,0.568939393939394,0.45454545454545453,0.11439393939393941,0.4644526583034648,0.45454545454545453,0.30763888888888885,55,0.6833333333333333,0.6212664277180407,60,OK,
266,BASE_WIND_DIR,"sst,chlorophyll_a,rainfall,wind_speed,month,year,station_id,wind_dir_sin,wind_dir_cos",0.34,0.65,RF_DEPTH_6_BAL,350,6.0,2,2,sqrt,balanced,0.5772727272727273,0.45454545454545453,0.12272727272727271,0.4654842655056748,0.45454545454545453,0.2903340440653874,55,0.7,0.6406344869459623,60,OK,
267,BASE_WIND_DIR,"sst,chlorophyll_a,rainfall,wind_speed,month,year,station_id,wind_dir_sin,wind_dir_cos",0.34,0.65,RF_DEPTH_8_BAL,400,8.0,4,2,sqrt,balanced,0.5606060606060606,0.45454545454545453,0.10606060606060605,0.4531866130226786,0.45454545454545453,0.29365079365079366,55,0.6666666666666666,0.6127224323945636,60,OK,
268,BASE_WIND_DIR,"sst,chlorophyll_a,rainfall,wind_speed,month,year,station_id,wind_dir_sin,wind_dir_cos",0.34,0.65,RF_DEPTH_10_BAL,400,10.0,4,2,sqrt,balanced,0.5606060606060606,0.45454545454545453,0.10606060606060605,0.452482741730572,0.45454545454545453,0.29365079365079366,55,0.6666666666666666,0.6113146898103504,60,OK,
269,BASE_WIND_DIR,"sst,chlorophyll_a,rainfall,wind_speed,month,year,station_id,wind_dir_sin,wind_dir_cos",0.34,0.65,RF_LEAF_3_BAL,400,,6,3,sqrt,balanced,0.5863636363636363,0.4727272727272727,0.11363636363636362,0.4869240593378525,0.4727272727272727,0.33618233618233617,55,0.7,0.6376657824933688,60,OK,
270,BASE_WIND_DIR,"sst,chlorophyll_a,rainfall,wind_speed,month,year,station_id,wind_dir_sin,wind_dir_cos",0.34,0.65,RF_FEATURE_07_BAL,400,10.0,4,2,0.7,balanced_subsample,0.5613636363636364,0.4727272727272727,0.08863636363636365,0.46991551758286043,0.4727272727272727,0.3355119825708061,55,0.65,0.6043190525949147,60,OK,
271,BASE,"sst,chlorophyll_a,rainfall,wind_speed,month,year,station_id",0.35,0.65,RF_FULL,300,,2,1,sqrt,balanced,0.6143939393939394,0.5454545454545454,0.06893939393939397,0.5529396769831404,0.5454545454545454,0.4617562542258283,55,0.6833333333333333,0.6441230997404525,60,OK,
272,BASE,"sst,chlorophyll_a,rainfall,wind_speed,month,year,station_id",0.35,0.65,RF_DEPTH_6_BAL,350,6.0,2,2,sqrt,balanced,0.6136363636363635,0.5272727272727272,0.08636363636363636,0.5396047008547009,0.5272727272727272,0.4323076923076923,55,0.7,0.6469017094017094,60,OK,
273,BASE,"sst,chlorophyll_a,rainfall,wind_speed,month,year,station_id",0.35,0.65,RF_DEPTH_8_BAL,400,8.0,4,2,sqrt,balanced,0.6234848484848485,0.5636363636363636,0.05984848484848487,0.5497927997927998,0.5636363636363636,0.4716394716394716,55,0.6833333333333333,0.627946127946128,60,OK,
274,BASE,"sst,chlorophyll_a,rainfall,wind_speed,month,year,station_id",0.35,0.65,RF_DEPTH_10_BAL,400,10.0,4,2,sqrt,balanced,0.6143939393939394,0.5454545454545454,0.06893939393939397,0.5432534042678236,0.5454545454545454,0.4466334991708126,55,0.6833333333333333,0.6398733093648348,60,OK,
275,BASE,"sst,chlorophyll_a,rainfall,wind_speed,month,year,station_id",0.35,0.65,RF_LEAF_3_BAL,400,,6,3,sqrt,balanced,0.621969696969697,0.5272727272727272,0.09469696969696972,0.5620825939756696,0.5272727272727272,0.4489087301587302,55,0.7166666666666667,0.6752564577926091,60,OK,
276,BASE,"sst,chlorophyll_a,rainfall,wind_speed,month,year,station_id",0.35,0.65,RF_FEATURE_07_BAL,400,10.0,4,2,0.7,balanced_subsample,0.6121212121212121,0.4909090909090909,0.12121212121212119,0.5501587084624263,0.4909090909090909,0.40277777777777773,55,0.7333333333333333,0.6975396391470748,60,OK,
277,BASE_NO_YEAR,"sst,chlorophyll_a,rainfall,wind_speed,month,station_id",0.35,0.65,RF_FULL,300,,2,1,sqrt,balanced,0.5340909090909091,0.41818181818181815,0.11590909090909093,0.4879429184950981,0.41818181818181815,0.33701311843388343,55,0.65,0.6388727185563127,60,OK,
278,BASE_NO_YEAR,"sst,chlorophyll_a,rainfall,wind_speed,month,station_id",0.35,0.65,RF_DEPTH_6_BAL,350,6.0,2,2,sqrt,balanced,0.5863636363636363,0.4727272727272727,0.11363636363636362,0.5504943778468034,0.4727272727272727,0.4136462407648849,55,0.7,0.6873425149287219,60,OK,
279,BASE_NO_YEAR,"sst,chlorophyll_a,rainfall,wind_speed,month,station_id",0.35,0.65,RF_DEPTH_8_BAL,400,8.0,4,2,sqrt,balanced,0.5507575757575758,0.41818181818181815,0.1325757575757576,0.526404336068583,0.41818181818181815,0.3832930026214963,55,0.6833333333333333,0.6695156695156695,60,OK,
280,BASE_NO_YEAR,"sst,chlorophyll_a,rainfall,wind_speed,month,station_id",0.35,0.65,RF_DEPTH_10_BAL,400,10.0,4,2,sqrt,balanced,0.5606060606060606,0.45454545454545453,0.10606060606060605,0.5267526390120089,0.45454545454545453,0.4084465031406815,55,0.6666666666666666,0.6450587748833363,60,OK,
281,BASE_NO_YEAR,"sst,chlorophyll_a,rainfall,wind_speed,month,station_id",0.35,0.65,RF_LEAF_3_BAL,400,,6,3,sqrt,balanced,0.568939393939394,0.45454545454545453,0.11439393939393941,0.5324412091361244,0.45454545454545453,0.40505335844318896,55,0.6833333333333333,0.6598290598290598,60,OK,
282,BASE_NO_YEAR,"sst,chlorophyll_a,rainfall,wind_speed,month,station_id",0.35,0.65,RF_FEATURE_07_BAL,400,10.0,4,2,0.7,balanced_subsample,0.5598484848484848,0.43636363636363634,0.1234848484848485,0.5234938189709194,0.43636363636363634,0.3789049919484702,55,0.6833333333333333,0.6680826459933685,60,OK,
283,BASE_NO_STATION,"sst,chlorophyll_a,rainfall,wind_speed,month,year",0.35,0.65,RF_FULL,300,,2,1,sqrt,balanced,0.45,0.4,0.04999999999999999,0.3817774118107822,0.4,0.2824302134646962,55,0.5,0.4811246101568682,60,OK,
284,BASE_NO_STATION,"sst,chlorophyll_a,rainfall,wind_speed,month,year",0.35,0.65,RF_DEPTH_6_BAL,350,6.0,2,2,sqrt,balanced,0.4939393939393939,0.45454545454545453,0.0393939393939394,0.4102031584519036,0.45454545454545453,0.30090924686910275,55,0.5333333333333333,0.5194970700347045,60,OK,
285,BASE_NO_STATION,"sst,chlorophyll_a,rainfall,wind_speed,month,year",0.35,0.65,RF_DEPTH_8_BAL,400,8.0,4,2,sqrt,balanced,0.47651515151515156,0.43636363636363634,0.04015151515151519,0.3992355585027999,0.43636363636363634,0.29708222811671087,55,0.5166666666666667,0.5013888888888889,60,OK,
286,BASE_NO_STATION,"sst,chlorophyll_a,rainfall,wind_speed,month,year",0.35,0.65,RF_DEPTH_10_BAL,400,10.0,4,2,sqrt,balanced,0.4674242424242424,0.41818181818181815,0.04924242424242428,0.39100346632710814,0.41818181818181815,0.28680555555555554,55,0.5166666666666667,0.4952013770986607,60,OK,
287,BASE_NO_STATION,"sst,chlorophyll_a,rainfall,wind_speed,month,year",0.35,0.65,RF_LEAF_3_BAL,400,,6,3,sqrt,balanced,0.5295454545454545,0.509090909090909,0.020454545454545503,0.42776240654230246,0.509090909090909,0.3271221532091097,55,0.55,0.5284026598754952,60,OK,
288,BASE_NO_STATION,"sst,chlorophyll_a,rainfall,wind_speed,month,year",0.35,0.65,RF_FEATURE_07_BAL,400,10.0,4,2,0.7,balanced_subsample,0.4575757575757576,0.38181818181818183,0.07575757575757575,0.4032890032890033,0.38181818181818183,0.3,55,0.5333333333333333,0.5065780065780067,60,OK,
289,BASE_SSS,"sst,chlorophyll_a,rainfall,wind_speed,month,year,station_id,sss",0.35,0.65,RF_FULL,300,,2,1,sqrt,balanced,0.5454545454545454,0.4909090909090909,0.054545454545454536,0.458751622081741,0.4909090909090909,0.3602033405954974,55,0.6,0.5572999035679845,60,OK,
290,BASE_SSS,"sst,chlorophyll_a,rainfall,wind_speed,month,year,station_id,sss",0.35,0.65,RF_DEPTH_6_BAL,350,6.0,2,2,sqrt,balanced,0.5628787878787879,0.509090909090909,0.05378787878787883,0.48012491455114403,0.509090909090909,0.39886039886039887,55,0.6166666666666667,0.5613894302418893,60,OK,
291,BASE_SSS,"sst,chlorophyll_a,rainfall,wind_speed,month,year,station_id,sss",0.35,0.65,RF_DEPTH_8_BAL,400,8.0,4,2,sqrt,balanced,0.5712121212121212,0.509090909090909,0.06212121212121213,0.49763365666591475,0.509090909090909,0.42205128205128206,55,0.6333333333333333,0.5732160312805474,60,OK,
292,BASE_SSS,"sst,chlorophyll_a,rainfall,wind_speed,month,year,station_id,sss",0.35,0.65,RF_DEPTH_10_BAL,400,10.0,4,2,sqrt,balanced,0.5522727272727272,0.45454545454545453,0.09772727272727275,0.4694568562857675,0.45454545454545453,0.33950304259634895,55,0.65,0.5994106699751861,60,OK,
293,BASE_SSS,"sst,chlorophyll_a,rainfall,wind_speed,month,year,station_id,sss",0.35,0.65,RF_LEAF_3_BAL,400,,6,3,sqrt,balanced,0.5613636363636364,0.4727272727272727,0.08863636363636365,0.4613740326147042,0.4727272727272727,0.3359425096738529,55,0.65,0.5868055555555556,60,OK,
294,BASE_SSS,"sst,chlorophyll_a,rainfall,wind_speed,month,year,station_id,sss",0.35,0.65,RF_FEATURE_07_BAL,400,10.0,4,2,0.7,balanced_subsample,0.5257575757575758,0.41818181818181815,0.10757575757575757,0.46135217752862134,0.41818181818181815,0.34470046082949307,55,0.6333333333333333,0.5780038942277496,60,OK,
295,BASE_DEPTH,"sst,chlorophyll_a,rainfall,wind_speed,month,year,station_id,depth",0.35,0.65,RF_FULL,300,,2,1,sqrt,balanced,0.6143939393939394,0.5454545454545454,0.06893939393939397,0.5348660321828537,0.5454545454545454,0.42294843863471315,55,0.6833333333333333,0.6467836257309941,60,OK,
296,BASE_DEPTH,"sst,chlorophyll_a,rainfall,wind_speed,month,year,station_id,depth",0.35,0.65,RF_DEPTH_6_BAL,350,6.0,2,2,sqrt,balanced,0.6393939393939394,0.5454545454545454,0.09393939393939393,0.5580097093894375,0.5454545454545454,0.4591093117408907,55,0.7333333333333333,0.6569101070379842,60,OK,
297,BASE_DEPTH,"sst,chlorophyll_a,rainfall,wind_speed,month,year,station_id,depth",0.35,0.65,RF_DEPTH_8_BAL,400,8.0,4,2,sqrt,balanced,0.6037878787878788,0.4909090909090909,0.11287878787878788,0.5286298336853448,0.4909090909090909,0.41236192332683563,55,0.7166666666666667,0.644897744043854,60,OK,
298,BASE_DEPTH,"sst,chlorophyll_a,rainfall,wind_speed,month,year,station_id,depth",0.35,0.65,RF_DEPTH_10_BAL,400,10.0,4,2,sqrt,balanced,0.6037878787878788,0.4909090909090909,0.11287878787878788,0.5307539682539683,0.4909090909090909,0.4146825396825397,55,0.7166666666666667,0.6468253968253967,60,OK,
299,BASE_DEPTH,"sst,chlorophyll_a,rainfall,wind_speed,month,year,station_id,depth",0.35,0.65,RF_LEAF_3_BAL,400,,6,3,sqrt,balanced,0.6136363636363635,0.5272727272727272,0.08636363636363636,0.5336623300456219,0.5272727272727272,0.4341520467836257,55,0.7,0.6331726133076181,60,OK,
300,BASE_DEPTH,"sst,chlorophyll_a,rainfall,wind_speed,month,year,station_id,depth",0.35,0.65,RF_FEATURE_07_BAL,400,10.0,4,2,0.7,balanced_subsample,0.5696969696969697,0.4727272727272727,0.09696969696969696,0.4978163448751684,0.4727272727272727,0.37879767291531996,55,0.6666666666666666,0.6168350168350168,60,OK,
301,BASE_DEPTH_NO_STATION,"sst,chlorophyll_a,rainfall,wind_speed,month,year,depth",0.35,0.65,RF_FULL,300,,2,1,sqrt,balanced,0.6045454545454545,0.509090909090909,0.09545454545454546,0.5431032049909066,0.509090909090909,0.4227785899935023,55,0.7,0.6634278199883109,60,OK,
302,BASE_DEPTH_NO_STATION,"sst,chlorophyll_a,rainfall,wind_speed,month,year,depth",0.35,0.65,RF_DEPTH_6_BAL,350,6.0,2,2,sqrt,balanced,0.6227272727272727,0.5454545454545454,0.07727272727272727,0.5493249700533278,0.5454545454545454,0.44425305688463584,55,0.7,0.6543968832220198,60,OK,
303,BASE_DEPTH_NO_STATION,"sst,chlorophyll_a,rainfall,wind_speed,month,year,depth",0.35,0.65,RF_DEPTH_8_BAL,400,8.0,4,2,sqrt,balanced,0.6053030303030302,0.5272727272727272,0.07803030303030306,0.5245286160431744,0.5272727272727272,0.4199668325041459,55,0.6833333333333333,0.6290903995822029,60,OK,
304,BASE_DEPTH_NO_STATION,"sst,chlorophyll_a,rainfall,wind_speed,month,year,depth",0.35,0.65,RF_DEPTH_10_BAL,400,10.0,4,2,sqrt,balanced,0.6136363636363635,0.5272727272727272,0.08636363636363636,0.5308581060783757,0.5272727272727272,0.4199668325041459,55,0.7,0.6417493796526056,60,OK,
305,BASE_DEPTH_NO_STATION,"sst,chlorophyll_a,rainfall,wind_speed,month,year,depth",0.35,0.65,RF_LEAF_3_BAL,400,,6,3,sqrt,balanced,0.5871212121212122,0.4909090909090909,0.09621212121212122,0.5060917785917786,0.4909090909090909,0.3953846153846154,55,0.6833333333333333,0.6167989417989418,60,OK,
306,BASE_DEPTH_NO_STATION,"sst,chlorophyll_a,rainfall,wind_speed,month,year,depth",0.35,0.65,RF_FEATURE_07_BAL,400,10.0,4,2,0.7,balanced_subsample,0.5674242424242424,0.41818181818181815,0.14924242424242426,0.5047144650651472,0.41818181818181815,0.33268934293464475,55,0.7166666666666667,0.6767395871956495,60,OK,
307,BASE_PRESSURE,"sst,chlorophyll_a,rainfall,wind_speed,month,year,station_id,sea_level_pressure",0.35,0.65,RF_FULL,300,,2,1,sqrt,balanced,0.5545454545454545,0.509090909090909,0.04545454545454547,0.4743452917811388,0.509090909090909,0.3840289294269394,55,0.6,0.5646616541353383,60,OK,
308,BASE_PRESSURE,"sst,chlorophyll_a,rainfall,wind_speed,month,year,station_id,sea_level_pressure",0.35,0.65,RF_DEPTH_6_BAL,350,6.0,2,2,sqrt,balanced,0.5704545454545454,0.4909090909090909,0.07954545454545456,0.4754039064383892,0.4909090909090909,0.37094017094017095,55,0.65,0.5798676419366074,60,OK,
309,BASE_PRESSURE,"sst,chlorophyll_a,rainfall,wind_speed,month,year,station_id,sea_level_pressure",0.35,0.65,RF_DEPTH_8_BAL,400,8.0,4,2,sqrt,balanced,0.5696969696969697,0.4727272727272727,0.09696969696969696,0.46080640318983507,0.4727272727272727,0.3238977526162292,55,0.6666666666666666,0.5977150537634409,60,OK,
310,BASE_PRESSURE,"sst,chlorophyll_a,rainfall,wind_speed,month,year,station_id,sea_level_pressure",0.35,0.65,RF_DEPTH_10_BAL,400,10.0,4,2,sqrt,balanced,0.5787878787878787,0.4909090909090909,0.08787878787878786,0.47803511179733515,0.4909090909090909,0.3338480013724481,55,0.6666666666666666,0.6222222222222222,60,OK,
311,BASE_PRESSURE,"sst,chlorophyll_a,rainfall,wind_speed,month,year,station_id,sea_level_pressure",0.35,0.65,RF_LEAF_3_BAL,400,,6,3,sqrt,balanced,0.5863636363636363,0.4727272727272727,0.11363636363636362,0.49767052119993294,0.4727272727272727,0.34983839689722046,55,0.7,0.6455026455026455,60,OK,
312,BASE_PRESSURE,"sst,chlorophyll_a,rainfall,wind_speed,month,year,station_id,sea_level_pressure",0.35,0.65,RF_FEATURE_07_BAL,400,10.0,4,2,0.7,balanced_subsample,0.5787878787878787,0.4909090909090909,0.08787878787878786,0.4965419350138755,0.4909090909090909,0.3602033405954974,55,0.6666666666666666,0.6328805294322536,60,OK,
313,BASE_AIR_TEMP,"sst,chlorophyll_a,rainfall,wind_speed,month,year,station_id,air_temperature",0.35,0.65,RF_FULL,300,,2,1,sqrt,balanced,0.5712121212121212,0.509090909090909,0.06212121212121213,0.5122248197934931,0.509090909090909,0.4252873563218391,55,0.6333333333333333,0.5991622832651471,60,OK,
314,BASE_AIR_TEMP,"sst,chlorophyll_a,rainfall,wind_speed,month,year,station_id,air_temperature",0.35,0.65,RF_DEPTH_6_BAL,350,6.0,2,2,sqrt,balanced,0.6484848484848484,0.5636363636363636,0.08484848484848484,0.574666966413877,0.5636363636363636,0.44559609360604385,55,0.7333333333333333,0.7037378392217102,60,OK,
315,BASE_AIR_TEMP,"sst,chlorophyll_a,rainfall,wind_speed,month,year,station_id,air_temperature",0.35,0.65,RF_DEPTH_8_BAL,400,8.0,4,2,sqrt,balanced,0.5613636363636364,0.4727272727272727,0.08863636363636365,0.48014956134998443,0.4727272727272727,0.34871794871794876,55,0.65,0.61158117398202,60,OK,
316,BASE_AIR_TEMP,"sst,chlorophyll_a,rainfall,wind_speed,month,year,station_id,air_temperature",0.35,0.65,RF_DEPTH_10_BAL,400,10.0,4,2,sqrt,balanced,0.6045454545454545,0.509090909090909,0.09545454545454546,0.5356458675424193,0.509090909090909,0.40079365079365076,55,0.7,0.6704980842911877,60,OK,
317,BASE_AIR_TEMP,"sst,chlorophyll_a,rainfall,wind_speed,month,year,station_id,air_temperature",0.35,0.65,RF_LEAF_3_BAL,400,,6,3,sqrt,balanced,0.6295454545454545,0.509090909090909,0.12045454545454548,0.5554140843424358,0.509090909090909,0.38626312880044217,55,0.75,0.7245650398844293,60,OK,
318,BASE_AIR_TEMP,"sst,chlorophyll_a,rainfall,wind_speed,month,year,station_id,air_temperature",0.35,0.65,RF_FEATURE_07_BAL,400,10.0,4,2,0.7,balanced_subsample,0.5765151515151515,0.43636363636363634,0.14015151515151517,0.5240237718613473,0.43636363636363634,0.3557856389607899,55,0.7166666666666667,0.6922619047619047,60,OK,
319,BASE_WIND_DIR,"sst,chlorophyll_a,rainfall,wind_speed,month,year,station_id,wind_dir_sin,wind_dir_cos",0.35,0.65,RF_FULL,300,,2,1,sqrt,balanced,0.568939393939394,0.45454545454545453,0.11439393939393941,0.4644526583034648,0.45454545454545453,0.30763888888888885,55,0.6833333333333333,0.6212664277180407,60,OK,
320,BASE_WIND_DIR,"sst,chlorophyll_a,rainfall,wind_speed,month,year,station_id,wind_dir_sin,wind_dir_cos",0.35,0.65,RF_DEPTH_6_BAL,350,6.0,2,2,sqrt,balanced,0.5772727272727273,0.45454545454545453,0.12272727272727271,0.4654842655056748,0.45454545454545453,0.2903340440653874,55,0.7,0.6406344869459623,60,OK,
321,BASE_WIND_DIR,"sst,chlorophyll_a,rainfall,wind_speed,month,year,station_id,wind_dir_sin,wind_dir_cos",0.35,0.65,RF_DEPTH_8_BAL,400,8.0,4,2,sqrt,balanced,0.5606060606060606,0.45454545454545453,0.10606060606060605,0.4531866130226786,0.45454545454545453,0.29365079365079366,55,0.6666666666666666,0.6127224323945636,60,OK,
322,BASE_WIND_DIR,"sst,chlorophyll_a,rainfall,wind_speed,month,year,station_id,wind_dir_sin,wind_dir_cos",0.35,0.65,RF_DEPTH_10_BAL,400,10.0,4,2,sqrt,balanced,0.5606060606060606,0.45454545454545453,0.10606060606060605,0.452482741730572,0.45454545454545453,0.29365079365079366,55,0.6666666666666666,0.6113146898103504,60,OK,
323,BASE_WIND_DIR,"sst,chlorophyll_a,rainfall,wind_speed,month,year,station_id,wind_dir_sin,wind_dir_cos",0.35,0.65,RF_LEAF_3_BAL,400,,6,3,sqrt,balanced,0.5863636363636363,0.4727272727272727,0.11363636363636362,0.4869240593378525,0.4727272727272727,0.33618233618233617,55,0.7,0.6376657824933688,60,OK,
324,BASE_WIND_DIR,"sst,chlorophyll_a,rainfall,wind_speed,month,year,station_id,wind_dir_sin,wind_dir_cos",0.35,0.65,RF_FEATURE_07_BAL,400,10.0,4,2,0.7,balanced_subsample,0.5613636363636364,0.4727272727272727,0.08863636363636365,0.46991551758286043,0.4727272727272727,0.3355119825708061,55,0.65,0.6043190525949147,60,OK,
325,BASE,"sst,chlorophyll_a,rainfall,wind_speed,month,year,station_id",0.35,0.67,RF_FULL,300,,2,1,sqrt,balanced,0.5613636363636364,0.4727272727272727,0.08863636363636365,0.507960945405418,0.4727272727272727,0.3892594686263426,55,0.65,0.6266624221844935,60,OK,
326,BASE,"sst,chlorophyll_a,rainfall,wind_speed,month,year,station_id",0.35,0.67,RF_DEPTH_6_BAL,350,6.0,2,2,sqrt,balanced,0.5522727272727272,0.45454545454545453,0.09772727272727275,0.4745851574665134,0.45454545454545453,0.35224627224627225,55,0.65,0.5969240426867546,60,OK,
327,BASE,"sst,chlorophyll_a,rainfall,wind_speed,month,year,station_id",0.35,0.67,RF_DEPTH_8_BAL,400,8.0,4,2,sqrt,balanced,0.5704545454545454,0.4909090909090909,0.07954545454545456,0.5004409171075838,0.4909090909090909,0.4104056437389771,55,0.65,0.5904761904761905,60,OK,
328,BASE,"sst,chlorophyll_a,rainfall,wind_speed,month,year,station_id",0.35,0.67,RF_DEPTH_10_BAL,400,10.0,4,2,sqrt,balanced,0.5621212121212121,0.4909090909090909,0.0712121212121212,0.5012611031382673,0.4909090909090909,0.40905729077772085,55,0.6333333333333333,0.5934649154988137,60,OK,
329,BASE,"sst,chlorophyll_a,rainfall,wind_speed,month,year,station_id",0.35,0.67,RF_LEAF_3_BAL,400,,6,3,sqrt,balanced,0.5696969696969697,0.4727272727272727,0.09696969696969696,0.4969370893649221,0.4727272727272727,0.3647342995169082,55,0.6666666666666666,0.629139879212936,60,OK,
330,BASE,"sst,chlorophyll_a,rainfall,wind_speed,month,year,station_id",0.35,0.67,RF_FEATURE_07_BAL,400,10.0,4,2,0.7,balanced_subsample,0.5515151515151515,0.43636363636363634,0.11515151515151514,0.4818660636264992,0.43636363636363634,0.3313840155945419,55,0.6666666666666666,0.6323481116584565,60,OK,
331,BASE_NO_YEAR,"sst,chlorophyll_a,rainfall,wind_speed,month,station_id",0.35,0.67,RF_FULL,300,,2,1,sqrt,balanced,0.5,0.4,0.09999999999999998,0.455887665923136,0.4,0.32233883058470764,55,0.6,0.5894365012615643,60,OK,
332,BASE_NO_YEAR,"sst,chlorophyll_a,rainfall,wind_speed,month,station_id",0.35,0.67,RF_DEPTH_6_BAL,350,6.0,2,2,sqrt,balanced,0.6128787878787878,0.509090909090909,0.10378787878787882,0.5674853801169591,0.509090909090909,0.43555555555555553,55,0.7166666666666667,0.6994152046783627,60,OK,
333,BASE_NO_YEAR,"sst,chlorophyll_a,rainfall,wind_speed,month,station_id",0.35,0.67,RF_DEPTH_8_BAL,400,8.0,4,2,sqrt,balanced,0.6136363636363635,0.5272727272727272,0.08636363636363636,0.5717364993680784,0.5272727272727272,0.4594017094017094,55,0.7,0.6840712893344473,60,OK,
334,BASE_NO_YEAR,"sst,chlorophyll_a,rainfall,wind_speed,month,station_id",0.35,0.67,RF_DEPTH_10_BAL,400,10.0,4,2,sqrt,balanced,0.5606060606060606,0.45454545454545453,0.10606060606060605,0.5241431671421741,0.45454545454545453,0.40110961163592745,55,0.6666666666666666,0.6471767226484207,60,OK,
335,BASE_NO_YEAR,"sst,chlorophyll_a,rainfall,wind_speed,month,station_id",0.35,0.67,RF_LEAF_3_BAL,400,,6,3,sqrt,balanced,0.6045454545454545,0.509090909090909,0.09545454545454546,0.5663033543586622,0.509090909090909,0.448535419382877,55,0.7,0.6840712893344473,60,OK,
336,BASE_NO_YEAR,"sst,chlorophyll_a,rainfall,wind_speed,month,station_id",0.35,0.67,RF_FEATURE_07_BAL,400,10.0,4,2,0.7,balanced_subsample,0.5340909090909091,0.41818181818181815,0.11590909090909093,0.5022119401066769,0.41818181818181815,0.3652297410192147,55,0.65,0.6391941391941391,60,OK,
337,BASE_NO_STATION,"sst,chlorophyll_a,rainfall,wind_speed,month,year",0.35,0.67,RF_FULL,300,,2,1,sqrt,balanced,0.42272727272727273,0.34545454545454546,0.07727272727272727,0.37459197280444745,0.34545454545454546,0.2613026819923372,55,0.5,0.4878812636165577,60,OK,
338,BASE_NO_STATION,"sst,chlorophyll_a,rainfall,wind_speed,month,year",0.35,0.67,RF_DEPTH_6_BAL,350,6.0,2,2,sqrt,balanced,0.45151515151515154,0.43636363636363634,0.015151515151515166,0.3836943206401334,0.43636363636363634,0.3035942346287174,55,0.4666666666666667,0.46379440665154953,60,OK,
339,BASE_NO_STATION,"sst,chlorophyll_a,rainfall,wind_speed,month,year",0.35,0.67,RF_DEPTH_8_BAL,400,8.0,4,2,sqrt,balanced,0.4492424242424243,0.38181818181818183,0.06742424242424244,0.40685899019787464,0.38181818181818183,0.30484757621189407,55,0.5166666666666667,0.5088704041838552,60,OK,
340,BASE_NO_STATION,"sst,chlorophyll_a,rainfall,wind_speed,month,year",0.35,0.67,RF_DEPTH_10_BAL,400,10.0,4,2,sqrt,balanced,0.4325757575757576,0.38181818181818183,0.05075757575757575,0.3749542842215256,0.38181818181818183,0.28084291187739463,55,0.48333333333333334,0.4690656565656566,60,OK,
341,BASE_NO_STATION,"sst,chlorophyll_a,rainfall,wind_speed,month,year",0.35,0.67,RF_LEAF_3_BAL,400,,6,3,sqrt,balanced,0.5106060606060606,0.45454545454545453,0.05606060606060606,0.4379451952368619,0.45454545454545453,0.3175154320987654,55,0.5666666666666667,0.5583749583749583,60,OK,
342,BASE_NO_STATION,"sst,chlorophyll_a,rainfall,wind_speed,month,year",0.35,0.67,RF_FEATURE_07_BAL,400,10.0,4,2,0.7,balanced_subsample,0.46590909090909094,0.38181818181818183,0.0840909090909091,0.425743599425141,0.38181818181818183,0.3069239189928845,55,0.55,0.5445632798573975,60,OK,
343,BASE_SSS,"sst,chlorophyll_a,rainfall,wind_speed,month,year,station_id,sss",0.35,0.67,RF_FULL,300,,2,1,sqrt,balanced,0.5272727272727272,0.45454545454545453,0.07272727272727272,0.44968671679197997,0.45454545454545453,0.3419660261765525,55,0.6,0.5574074074074075,60,OK,
344,BASE_SSS,"sst,chlorophyll_a,rainfall,wind_speed,month,year,station_id,sss",0.35,0.67,RF_DEPTH_6_BAL,350,6.0,2,2,sqrt,balanced,0.5621212121212121,0.4909090909090909,0.0712121212121212,0.4940782932718416,0.4909090909090909,0.40852695691405366,55,0.6333333333333333,0.5796296296296296,60,OK,
345,BASE_SSS,"sst,chlorophyll_a,rainfall,wind_speed,month,year,station_id,sss",0.35,0.67,RF_DEPTH_8_BAL,400,8.0,4,2,sqrt,balanced,0.543939393939394,0.45454545454545453,0.08939393939393939,0.47636821932179807,0.45454545454545453,0.37125759700794764,55,0.6333333333333333,0.5814788416356484,60,OK,
346,BASE_SSS,"sst,chlorophyll_a,rainfall,wind_speed,month,year,station_id,sss",0.35,0.67,RF_DEPTH_10_BAL,400,10.0,4,2,sqrt,balanced,0.5621212121212121,0.4909090909090909,0.0712121212121212,0.49402101560586836,0.4909090909090909,0.4086769518466573,55,0.6333333333333333,0.5793650793650794,60,OK,
347,BASE_SSS,"sst,chlorophyll_a,rainfall,wind_speed,month,year,station_id,sss",0.35,0.67,RF_LEAF_3_BAL,400,,6,3,sqrt,balanced,0.5446969696969697,0.4727272727272727,0.07196969696969699,0.472335095852045,0.4727272727272727,0.37756410256410255,55,0.6166666666666667,0.5671060891399874,60,OK,
348,BASE_SSS,"sst,chlorophyll_a,rainfall,wind_speed,month,year,station_id,sss",0.35,0.67,RF_FEATURE_07_BAL,400,10.0,4,2,0.7,balanced_subsample,0.5,0.4,0.09999999999999998,0.43556338445844156,0.4,0.3111111111111111,55,0.6,0.560015657805772,60,OK,
349,BASE_DEPTH,"sst,chlorophyll_a,rainfall,wind_speed,month,year,station_id,depth",0.35,0.67,RF_FULL,300,,2,1,sqrt,balanced,0.5803030303030303,0.5272727272727272,0.05303030303030304,0.5093117630347705,0.5272727272727272,0.43330548593706486,55,0.6333333333333333,0.5853180401324761,60,OK,
350,BASE_DEPTH,"sst,chlorophyll_a,rainfall,wind_speed,month,year,station_id,depth",0.35,0.67,RF_DEPTH_6_BAL,350,6.0,2,2,sqrt,balanced,0.6136363636363635,0.5272727272727272,0.08636363636363636,0.5441711129415664,0.5272727272727272,0.454320987654321,55,0.7,0.6340212382288118,60,OK,
351,BASE_DEPTH,"sst,chlorophyll_a,rainfall,wind_speed,month,year,station_id,depth",0.35,0.67,RF_DEPTH_8_BAL,400,8.0,4,2,sqrt,balanced,0.6151515151515151,0.5636363636363636,0.051515151515151514,0.5417582417582417,0.5636363636363636,0.4739926739926739,55,0.6666666666666666,0.6095238095238095,60,OK,
352,BASE_DEPTH,"sst,chlorophyll_a,rainfall,wind_speed,month,year,station_id,depth",0.35,0.67,RF_DEPTH_10_BAL,400,10.0,4,2,sqrt,balanced,0.6151515151515151,0.5636363636363636,0.051515151515151514,0.5414540261997889,0.5636363636363636,0.4739926739926739,55,0.6666666666666666,0.6089153784069038,60,OK,
353,BASE_DEPTH,"sst,chlorophyll_a,rainfall,wind_speed,month,year,station_id,depth",0.35,0.67,RF_LEAF_3_BAL,400,,6,3,sqrt,balanced,0.6318181818181818,0.5636363636363636,0.06818181818181818,0.5532791889349266,0.5636363636363636,0.4739926739926739,55,0.7,0.6325657038771793,60,OK,
354,BASE_DEPTH,"sst,chlorophyll_a,rainfall,wind_speed,month,year,station_id,depth",0.35,0.67,RF_FEATURE_07_BAL,400,10.0,4,2,0.7,balanced_subsample,0.5696969696969697,0.4727272727272727,0.09696969696969696,0.5072432037949279,0.4727272727272727,0.39999999999999997,55,0.6666666666666666,0.6144864075898558,60,OK,
355,BASE_DEPTH_NO_STATION,"sst,chlorophyll_a,rainfall,wind_speed,month,year,depth",0.35,0.67,RF_FULL,300,,2,1,sqrt,balanced,0.5613636363636364,0.4727272727272727,0.08863636363636365,0.5086372196541687,0.4727272727272727,0.39999999999999997,55,0.65,0.6172744393083376,60,OK,
356,BASE_DEPTH_NO_STATION,"sst,chlorophyll_a,rainfall,wind_speed,month,year,depth",0.35,0.67,RF_DEPTH_6_BAL,350,6.0,2,2,sqrt,balanced,0.5871212121212122,0.4909090909090909,0.09621212121212122,0.5140107287564915,0.4909090909090909,0.39313131313131305,55,0.6833333333333333,0.6348901443816698,60,OK,
357,BASE_DEPTH_NO_STATION,"sst,chlorophyll_a,rainfall,wind_speed,month,year,depth",0.35,0.67,RF_DEPTH_8_BAL,400,8.0,4,2,sqrt,balanced,0.5863636363636363,0.4727272727272727,0.11363636363636362,0.5355482151649114,0.4727272727272727,0.3981264637002342,55,0.7,0.6729699666295884,60,OK,
358,BASE_DEPTH_NO_STATION,"sst,chlorophyll_a,rainfall,wind_speed,month,year,depth",0.35,0.67,RF_DEPTH_10_BAL,400,10.0,4,2,sqrt,balanced,0.5772727272727273,0.45454545454545453,0.12272727272727271,0.5206168033236203,0.45454545454545453,0.37263343820720873,55,0.7,0.6686001684400318,60,OK,
359,BASE_DEPTH_NO_STATION,"sst,chlorophyll_a,rainfall,wind_speed,month,year,depth",0.35,0.67,RF_LEAF_3_BAL,400,,6,3,sqrt,balanced,0.5606060606060606,0.45454545454545453,0.10606060606060605,0.5046080787463703,0.45454545454545453,0.37152987188625114,55,0.6666666666666666,0.6376862856064893,60,OK,
360,BASE_DEPTH_NO_STATION,"sst,chlorophyll_a,rainfall,wind_speed,month,year,depth",0.35,0.67,RF_FEATURE_07_BAL,400,10.0,4,2,0.7,balanced_subsample,0.5075757575757576,0.38181818181818183,0.12575757575757573,0.4461902637888371,0.38181818181818183,0.29768045759202727,55,0.6333333333333333,0.594700069985647,60,OK,
361,BASE_PRESSURE,"sst,chlorophyll_a,rainfall,wind_speed,month,year,station_id,sea_level_pressure",0.35,0.67,RF_FULL,300,,2,1,sqrt,balanced,0.5181818181818182,0.43636363636363634,0.08181818181818182,0.4354068571810507,0.43636363636363634,0.28945868945868947,55,0.6,0.581355024903412,60,OK,
362,BASE_PRESSURE,"sst,chlorophyll_a,rainfall,wind_speed,month,year,station_id,sea_level_pressure",0.35,0.67,RF_DEPTH_6_BAL,350,6.0,2,2,sqrt,balanced,0.5515151515151515,0.43636363636363634,0.11515151515151514,0.4726279312477091,0.43636363636363634,0.31216931216931215,55,0.6666666666666666,0.6330865503261061,60,OK,
363,BASE_PRESSURE,"sst,chlorophyll_a,rainfall,wind_speed,month,year,station_id,sea_level_pressure",0.35,0.67,RF_DEPTH_8_BAL,400,8.0,4,2,sqrt,balanced,0.5522727272727272,0.45454545454545453,0.09772727272727275,0.47222533882389395,0.45454545454545453,0.3510326261652202,55,0.65,0.5934180514825677,60,OK,
364,BASE_PRESSURE,"sst,chlorophyll_a,rainfall,wind_speed,month,year,station_id,sea_level_pressure",0.35,0.67,RF_DEPTH_10_BAL,400,10.0,4,2,sqrt,balanced,0.5522727272727272,0.45454545454545453,0.09772727272727275,0.4864329870876166,0.45454545454545453,0.3667146007094238,55,0.65,0.6061513734658095,60,OK,
365,BASE_PRESSURE,"sst,chlorophyll_a,rainfall,wind_speed,month,year,station_id,sea_level_pressure",0.35,0.67,RF_LEAF_3_BAL,400,,6,3,sqrt,balanced,0.5515151515151515,0.43636363636363634,0.11515151515151514,0.4611739960100616,0.43636363636363634,0.30357142857142855,55,0.6666666666666666,0.6187765634486946,60,OK,
366,BASE_PRESSURE,"sst,chlorophyll_a,rainfall,wind_speed,month,year,station_id,sea_level_pressure",0.35,0.67,RF_FEATURE_07_BAL,400,10.0,4,2,0.7,balanced_subsample,0.5606060606060606,0.45454545454545453,0.10606060606060605,0.48326719576719573,0.45454545454545453,0.3296296296296296,55,0.6666666666666666,0.6369047619047619,60,OK,
367,BASE_AIR_TEMP,"sst,chlorophyll_a,rainfall,wind_speed,month,year,station_id,air_temperature",0.35,0.67,RF_FULL,300,,2,1,sqrt,balanced,0.5348484848484848,0.43636363636363634,0.09848484848484848,0.4846783424347583,0.43636363636363634,0.3610305958132045,55,0.6333333333333333,0.6083260890563121,60,OK,
368,BASE_AIR_TEMP,"sst,chlorophyll_a,rainfall,wind_speed,month,year,station_id,air_temperature",0.35,0.67,RF_DEPTH_6_BAL,350,6.0,2,2,sqrt,balanced,0.5696969696969697,0.4727272727272727,0.09696969696969696,0.5228994924277695,0.4727272727272727,0.39830322933771206,55,0.6666666666666666,0.6474957555178268,60,OK,
369,BASE_AIR_TEMP,"sst,chlorophyll_a,rainfall,wind_speed,month,year,station_id,air_temperature",0.35,0.67,RF_DEPTH_8_BAL,400,8.0,4,2,sqrt,balanced,0.5522727272727272,0.45454545454545453,0.09772727272727275,0.5001795541411929,0.45454545454545453,0.36643053685381416,55,0.65,0.6339285714285715,60,OK,
370,BASE_AIR_TEMP,"sst,chlorophyll_a,rainfall,wind_speed,month,year,station_id,air_temperature",0.35,0.67,RF_DEPTH_10_BAL,400,10.0,4,2,sqrt,balanced,0.5696969696969697,0.4727272727272727,0.09696969696969696,0.5122271404317245,0.4727272727272727,0.3769585253456221,55,0.6666666666666666,0.6474957555178268,60,OK,
371,BASE_AIR_TEMP,"sst,chlorophyll_a,rainfall,wind_speed,month,year,station_id,air_temperature",0.35,0.67,RF_LEAF_3_BAL,400,,6,3,sqrt,balanced,0.5507575757575758,0.41818181818181815,0.1325757575757576,0.48452510277052163,0.41818181818181815,0.3075744917850181,55,0.6833333333333333,0.6614757137560252,60,OK,
372,BASE_AIR_TEMP,"sst,chlorophyll_a,rainfall,wind_speed,month,year,station_id,air_temperature",0.35,0.67,RF_FEATURE_07_BAL,400,10.0,4,2,0.7,balanced_subsample,0.5583333333333333,0.4,0.15833333333333333,0.5079109062980031,0.4,0.32134646962233165,55,0.7166666666666667,0.6944753429736745,60,OK,
373,BASE_WIND_DIR,"sst,chlorophyll_a,rainfall,wind_speed,month,year,station_id,wind_dir_sin,wind_dir_cos",0.35,0.67,RF_FULL,300,,2,1,sqrt,balanced,0.5015151515151515,0.43636363636363634,0.06515151515151515,0.42444106913664625,0.43636363636363634,0.3244878191421313,55,0.5666666666666667,0.5243943191311612,60,OK,
374,BASE_WIND_DIR,"sst,chlorophyll_a,rainfall,wind_speed,month,year,station_id,wind_dir_sin,wind_dir_cos",0.35,0.67,RF_DEPTH_6_BAL,350,6.0,2,2,sqrt,balanced,0.5613636363636364,0.4727272727272727,0.08863636363636365,0.4687845825846383,0.4727272727272727,0.339423076923077,55,0.65,0.5981460882461995,60,OK,
375,BASE_WIND_DIR,"sst,chlorophyll_a,rainfall,wind_speed,month,year,station_id,wind_dir_sin,wind_dir_cos",0.35,0.67,RF_DEPTH_8_BAL,400,8.0,4,2,sqrt,balanced,0.553030303030303,0.4727272727272727,0.08030303030303029,0.46322902702908275,0.4727272727272727,0.339423076923077,55,0.6333333333333333,0.5870349771350885,60,OK,
376,BASE_WIND_DIR,"sst,chlorophyll_a,rainfall,wind_speed,month,year,station_id,wind_dir_sin,wind_dir_cos",0.35,0.67,RF_DEPTH_10_BAL,400,10.0,4,2,sqrt,balanced,0.553030303030303,0.4727272727272727,0.08030303030303029,0.46309590150145097,0.4727272727272727,0.339423076923077,55,0.6333333333333333,0.586768726079825,60,OK,
377,BASE_WIND_DIR,"sst,chlorophyll_a,rainfall,wind_speed,month,year,station_id,wind_dir_sin,wind_dir_cos",0.35,0.67,RF_LEAF_3_BAL,400,,6,3,sqrt,balanced,0.5522727272727272,0.45454545454545453,0.09772727272727275,0.46492787303980065,0.45454545454545453,0.3296296296296296,55,0.65,0.6002261164499717,60,OK,
378,BASE_WIND_DIR,"sst,chlorophyll_a,rainfall,wind_speed,month,year,station_id,wind_dir_sin,wind_dir_cos",0.35,0.67,RF_FEATURE_07_BAL,400,10.0,4,2,0.7,balanced_subsample,0.5606060606060606,0.45454545454545453,0.10606060606060605,0.4779984949339788,0.45454545454545453,0.3296296296296296,55,0.6666666666666666,0.626367360238328,60,OK,
